timestamp,item_id,target_value
2011-09-19,WEAT,24.57
2011-09-20,WEAT,24.87
2011-09-21,WEAT,24.23
2011-09-22,WEAT,23
2011-09-23,WEAT,23.56
2011-09-24,WEAT,23.56
2011-09-25,WEAT,23.56
2011-09-26,WEAT,23.59
2011-09-27,WEAT,23.8
2011-09-28,WEAT,23.228
2011-09-29,WEAT,23.36
2011-09-30,WEAT,22.7
2011-10-01,WEAT,22.7
2011-10-02,WEAT,22.7
2011-10-03,WEAT,22.8
2011-10-04,WEAT,22.85
2011-10-05,WEAT,23.09
2011-10-06,WEAT,22.87
2011-10-07,WEAT,22.76
2011-10-08,WEAT,22.76
2011-10-09,WEAT,22.76
2011-10-10,WEAT,22.81
2011-10-11,WEAT,22.85
2011-10-12,WEAT,23.389
2011-10-13,WEAT,22.74
2011-10-14,WEAT,22.53
2011-10-15,WEAT,22.53
2011-10-16,WEAT,22.53
2011-10-17,WEAT,22.9
2011-10-18,WEAT,22.88
2011-10-19,WEAT,22.539
2011-10-20,WEAT,22.69
2011-10-21,WEAT,22.97
2011-10-22,WEAT,22.97
2011-10-23,WEAT,22.97
2011-10-24,WEAT,23.2799
2011-10-25,WEAT,23.3299
2011-10-26,WEAT,22.765
2011-10-27,WEAT,23.62
2011-10-28,WEAT,24.03
2011-10-29,WEAT,24.03
2011-10-30,WEAT,24.03
2011-10-31,WEAT,23.37
2011-11-01,WEAT,23.1
2011-11-02,WEAT,22.87
2011-11-03,WEAT,23.17
2011-11-04,WEAT,22.8599
2011-11-05,WEAT,22.8599
2011-11-06,WEAT,22.8599
2011-11-07,WEAT,23.1188
2011-11-08,WEAT,23.9
2011-11-09,WEAT,23.0599
2011-11-10,WEAT,22.7
2011-11-11,WEAT,22.36
2011-11-12,WEAT,22.36
2011-11-13,WEAT,22.36
2011-11-14,WEAT,22.349
2011-11-15,WEAT,22.349
2011-11-16,WEAT,22.1
2011-11-17,WEAT,21.2101
2011-11-18,WEAT,21.09
2011-11-19,WEAT,21.09
2011-11-20,WEAT,21.09
2011-11-21,WEAT,21.05
2011-11-22,WEAT,21.2
2011-11-23,WEAT,20.99
2011-11-24,WEAT,20.99
2011-11-25,WEAT,20.53
2011-11-26,WEAT,20.53
2011-11-27,WEAT,20.53
2011-11-28,WEAT,20.6
2011-11-29,WEAT,21.28
2011-11-30,WEAT,21.51
2011-12-01,WEAT,21.49
2011-12-02,WEAT,21.35
2011-12-03,WEAT,21.35
2011-12-04,WEAT,21.35
2011-12-05,WEAT,21.37
2011-12-06,WEAT,21.06
2011-12-07,WEAT,20.751
2011-12-08,WEAT,20.88
2011-12-09,WEAT,20.67
2011-12-10,WEAT,20.67
2011-12-11,WEAT,20.67
2011-12-12,WEAT,20.35
2011-12-13,WEAT,20.7401
2011-12-14,WEAT,20.39
2011-12-15,WEAT,20.22
2011-12-16,WEAT,20.36
2011-12-17,WEAT,20.36
2011-12-18,WEAT,20.36
2011-12-19,WEAT,20.7901
2011-12-20,WEAT,21.2088
2011-12-21,WEAT,21.37
2011-12-22,WEAT,21.5399
2011-12-23,WEAT,21.4799
2011-12-24,WEAT,21.4799
2011-12-25,WEAT,21.4799
2011-12-26,WEAT,21.4799
2011-12-27,WEAT,22.2199
2011-12-28,WEAT,22.2
2011-12-29,WEAT,22.333
2011-12-30,WEAT,22.4
2011-12-31,WEAT,22.4
2012-01-01,WEAT,22.4
2012-01-02,WEAT,22.4
2012-01-03,WEAT,22.46
2012-01-04,WEAT,22.2001
2012-01-05,WEAT,21.73
2012-01-06,WEAT,21.58
2012-01-07,WEAT,21.58
2012-01-08,WEAT,21.58
2012-01-09,WEAT,21.8699
2012-01-10,WEAT,21.76
2012-01-11,WEAT,22.25
2012-01-12,WEAT,21.156
2012-01-13,WEAT,20.93
2012-01-14,WEAT,20.93
2012-01-15,WEAT,20.93
2012-01-16,WEAT,20.93
2012-01-17,WEAT,20.96
2012-01-18,WEAT,20.5
2012-01-19,WEAT,20.5
2012-01-20,WEAT,20.509
2012-01-21,WEAT,20.509
2012-01-22,WEAT,20.509
2012-01-23,WEAT,21.07
2012-01-24,WEAT,21.07
2012-01-25,WEAT,21.7
2012-01-26,WEAT,21.81
2012-01-27,WEAT,21.78
2012-01-28,WEAT,21.78
2012-01-29,WEAT,21.78
2012-01-30,WEAT,21.75
2012-01-31,WEAT,22.4399
2012-02-01,WEAT,22.3
2012-02-02,WEAT,22.3
2012-02-03,WEAT,22.2364
2012-02-04,WEAT,22.2364
2012-02-05,WEAT,22.2364
2012-02-06,WEAT,22.19
2012-02-07,WEAT,21.95
2012-02-08,WEAT,21.7555
2012-02-09,WEAT,21.32
2012-02-10,WEAT,21.171
2012-02-11,WEAT,21.171
2012-02-12,WEAT,21.171
2012-02-13,WEAT,21.18
2012-02-14,WEAT,20.88
2012-02-15,WEAT,20.616
2012-02-16,WEAT,20.64
2012-02-17,WEAT,20.88
2012-02-18,WEAT,20.88
2012-02-19,WEAT,20.88
2012-02-20,WEAT,20.88
2012-02-21,WEAT,20.6301
2012-02-22,WEAT,20.86
2012-02-23,WEAT,20.82
2012-02-24,WEAT,20.76
2012-02-25,WEAT,20.76
2012-02-26,WEAT,20.76
2012-02-27,WEAT,21.049
2012-02-28,WEAT,21.8
2012-02-29,WEAT,21.62
2012-03-01,WEAT,21.69
2012-03-02,WEAT,21.79
2012-03-03,WEAT,21.79
2012-03-04,WEAT,21.79
2012-03-05,WEAT,21.746
2012-03-06,WEAT,21.5
2012-03-07,WEAT,20.7
2012-03-08,WEAT,20.65
2012-03-09,WEAT,20.785
2012-03-10,WEAT,20.785
2012-03-11,WEAT,20.785
2012-03-12,WEAT,21.12
2012-03-13,WEAT,21.12
2012-03-14,WEAT,21.06
2012-03-15,WEAT,21.27
2012-03-16,WEAT,21.0501
2012-03-17,WEAT,21.0501
2012-03-18,WEAT,21.0501
2012-03-19,WEAT,21.12
2012-03-20,WEAT,20.7
2012-03-21,WEAT,20.76
2012-03-22,WEAT,20.45
2012-03-23,WEAT,21.35
2012-03-24,WEAT,21.35
2012-03-25,WEAT,21.35
2012-03-26,WEAT,21.1701
2012-03-27,WEAT,20.81
2012-03-28,WEAT,20.94
2012-03-29,WEAT,20.05
2012-03-30,WEAT,21.09
2012-03-31,WEAT,21.09
2012-04-01,WEAT,21.09
2012-04-02,WEAT,21.2
2012-04-03,WEAT,21.1699
2012-04-04,WEAT,20.66
2012-04-05,WEAT,20.53
2012-04-06,WEAT,20.53
2012-04-07,WEAT,20.53
2012-04-08,WEAT,20.53
2012-04-09,WEAT,20.46
2012-04-10,WEAT,19.882
2012-04-11,WEAT,20.12
2012-04-12,WEAT,20.45
2012-04-13,WEAT,19.92
2012-04-14,WEAT,19.92
2012-04-15,WEAT,19.92
2012-04-16,WEAT,19.88
2012-04-17,WEAT,19.7699
2012-04-18,WEAT,19.4897
2012-04-19,WEAT,19.711
2012-04-20,WEAT,19.8193
2012-04-21,WEAT,19.8193
2012-04-22,WEAT,19.8193
2012-04-23,WEAT,20.02
2012-04-24,WEAT,20.31
2012-04-25,WEAT,20.23
2012-04-26,WEAT,19.79
2012-04-27,WEAT,20.45
2012-04-28,WEAT,20.45
2012-04-29,WEAT,20.45
2012-04-30,WEAT,20.43
2012-05-01,WEAT,20.43
2012-05-02,WEAT,19.6
2012-05-03,WEAT,19.54
2012-05-04,WEAT,19.04
2012-05-05,WEAT,19.04
2012-05-06,WEAT,19.04
2012-05-07,WEAT,19.25
2012-05-08,WEAT,19.31
2012-05-09,WEAT,19.4
2012-05-10,WEAT,18.64
2012-05-11,WEAT,18.9
2012-05-12,WEAT,18.9
2012-05-13,WEAT,18.9
2012-05-14,WEAT,18.6
2012-05-15,WEAT,18.95
2012-05-16,WEAT,19.8
2012-05-17,WEAT,19.7101
2012-05-18,WEAT,20.59
2012-05-19,WEAT,20.59
2012-05-20,WEAT,20.59
2012-05-21,WEAT,20.881
2012-05-22,WEAT,20.695
2012-05-23,WEAT,20.29
2012-05-24,WEAT,20.54
2012-05-25,WEAT,20.65
2012-05-26,WEAT,20.65
2012-05-27,WEAT,20.65
2012-05-28,WEAT,20.65
2012-05-29,WEAT,20.277
2012-05-30,WEAT,19.95
2012-05-31,WEAT,20.0474
2012-06-01,WEAT,19.57
2012-06-02,WEAT,19.57
2012-06-03,WEAT,19.57
2012-06-04,WEAT,19.8299
2012-06-05,WEAT,19.131
2012-06-06,WEAT,19.09
2012-06-07,WEAT,19.09
2012-06-08,WEAT,19.86
2012-06-09,WEAT,19.86
2012-06-10,WEAT,19.86
2012-06-11,WEAT,19.65
2012-06-12,WEAT,20.1
2012-06-13,WEAT,19.24
2012-06-14,WEAT,19.23
2012-06-15,WEAT,18.87
2012-06-16,WEAT,18.87
2012-06-17,WEAT,18.87
2012-06-18,WEAT,19.32
2012-06-19,WEAT,20
2012-06-20,WEAT,20.17
2012-06-21,WEAT,20.1
2012-06-22,WEAT,20.0601
2012-06-23,WEAT,20.0601
2012-06-24,WEAT,20.0601
2012-06-25,WEAT,21.67
2012-06-26,WEAT,21.96
2012-06-27,WEAT,21.69
2012-06-28,WEAT,21.9899
2012-06-29,WEAT,22.11
2012-06-30,WEAT,22.11
2012-07-01,WEAT,22.11
2012-07-02,WEAT,22.4
2012-07-03,WEAT,22.8378
2012-07-04,WEAT,22.8378
2012-07-05,WEAT,23.925
2012-07-06,WEAT,23.05
2012-07-07,WEAT,23.05
2012-07-08,WEAT,23.05
2012-07-09,WEAT,23.62
2012-07-10,WEAT,23.4499
2012-07-11,WEAT,23.1338
2012-07-12,WEAT,23.87
2012-07-13,WEAT,23.96
2012-07-14,WEAT,23.96
2012-07-15,WEAT,23.96
2012-07-16,WEAT,24.662
2012-07-17,WEAT,24.64
2012-07-18,WEAT,24.89
2012-07-19,WEAT,24.67
2012-07-20,WEAT,24.84
2012-07-21,WEAT,24.84
2012-07-22,WEAT,24.84
2012-07-23,WEAT,24.38
2012-07-24,WEAT,23.74
2012-07-25,WEAT,24.595
2012-07-26,WEAT,24
2012-07-27,WEAT,24.5994
2012-07-28,WEAT,24.5994
2012-07-29,WEAT,24.5994
2012-07-30,WEAT,24.858
2012-07-31,WEAT,24.42
2012-08-01,WEAT,24.58
2012-08-02,WEAT,23.9301
2012-08-03,WEAT,24.748
2012-08-04,WEAT,24.748
2012-08-05,WEAT,24.748
2012-08-06,WEAT,24.83
2012-08-07,WEAT,24.7999
2012-08-08,WEAT,24.65
2012-08-09,WEAT,25.25
2012-08-10,WEAT,24.86
2012-08-11,WEAT,24.86
2012-08-12,WEAT,24.86
2012-08-13,WEAT,24.06
2012-08-14,WEAT,23.74
2012-08-15,WEAT,23.7
2012-08-16,WEAT,24.1805
2012-08-17,WEAT,24.29
2012-08-18,WEAT,24.29
2012-08-19,WEAT,24.29
2012-08-20,WEAT,24.79
2012-08-21,WEAT,25.3
2012-08-22,WEAT,25.16
2012-08-23,WEAT,24.46
2012-08-24,WEAT,24.3105
2012-08-25,WEAT,24.3105
2012-08-26,WEAT,24.3105
2012-08-27,WEAT,24.17
2012-08-28,WEAT,24.37
2012-08-29,WEAT,24.87
2012-08-30,WEAT,24.99
2012-08-31,WEAT,24.59
2012-09-01,WEAT,24.59
2012-09-02,WEAT,24.59
2012-09-03,WEAT,24.59
2012-09-04,WEAT,24.54
2012-09-05,WEAT,23.985
2012-09-06,WEAT,24.4945
2012-09-07,WEAT,24.7201
2012-09-08,WEAT,24.7201
2012-09-09,WEAT,24.7201
2012-09-10,WEAT,24.44
2012-09-11,WEAT,24.3418
2012-09-12,WEAT,24.52
2012-09-13,WEAT,24.75
2012-09-14,WEAT,25.3536
2012-09-15,WEAT,25.3536
2012-09-16,WEAT,25.3536
2012-09-17,WEAT,24.3383
2012-09-18,WEAT,23.85
2012-09-19,WEAT,24.17
2012-09-20,WEAT,24.14
2012-09-21,WEAT,24.7
2012-09-22,WEAT,24.7
2012-09-23,WEAT,24.7
2012-09-24,WEAT,24.61
2012-09-25,WEAT,24.33
2012-09-26,WEAT,23.92
2012-09-27,WEAT,23.48
2012-09-28,WEAT,24.48
2012-09-29,WEAT,24.48
2012-09-30,WEAT,24.48
2012-10-01,WEAT,23.98
2012-10-02,WEAT,24.02
2012-10-03,WEAT,23.87
2012-10-04,WEAT,23.874
2012-10-05,WEAT,23.6698
2012-10-06,WEAT,23.6698
2012-10-07,WEAT,23.6698
2012-10-08,WEAT,23.65
2012-10-09,WEAT,23.8092
2012-10-10,WEAT,23.8135
2012-10-11,WEAT,24.2604
2012-10-12,WEAT,23.63
2012-10-13,WEAT,23.63
2012-10-14,WEAT,23.63
2012-10-15,WEAT,23.25
2012-10-16,WEAT,23.35
2012-10-17,WEAT,23.54
2012-10-18,WEAT,23.7412
2012-10-19,WEAT,24
2012-10-20,WEAT,24
2012-10-21,WEAT,24
2012-10-22,WEAT,24.05
2012-10-23,WEAT,23.85
2012-10-24,WEAT,24.21
2012-10-25,WEAT,24.174
2012-10-26,WEAT,23.9261
2012-10-27,WEAT,23.9261
2012-10-28,WEAT,23.9261
2012-10-29,WEAT,23.9261
2012-10-30,WEAT,23.9261
2012-10-31,WEAT,23.98
2012-11-01,WEAT,24.03
2012-11-02,WEAT,24.2344
2012-11-03,WEAT,24.2344
2012-11-04,WEAT,24.2344
2012-11-05,WEAT,24.11
2012-11-06,WEAT,24.13
2012-11-07,WEAT,24.86
2012-11-08,WEAT,24.86
2012-11-09,WEAT,24.45
2012-11-10,WEAT,24.45
2012-11-11,WEAT,24.45
2012-11-12,WEAT,23.6936
2012-11-13,WEAT,23.5
2012-11-14,WEAT,23.51
2012-11-15,WEAT,23.36
2012-11-16,WEAT,23.11
2012-11-17,WEAT,23.11
2012-11-18,WEAT,23.11
2012-11-19,WEAT,23.256
2012-11-20,WEAT,23.4
2012-11-21,WEAT,23.25
2012-11-22,WEAT,23.25
2012-11-23,WEAT,23.25
2012-11-24,WEAT,23.25
2012-11-25,WEAT,23.25
2012-11-26,WEAT,23.46
2012-11-27,WEAT,24.09
2012-11-28,WEAT,24.11
2012-11-29,WEAT,24.01
2012-11-30,WEAT,23.5636
2012-12-01,WEAT,23.5636
2012-12-02,WEAT,23.5636
2012-12-03,WEAT,23.47
2012-12-04,WEAT,23.4
2012-12-05,WEAT,23.49
2012-12-06,WEAT,23.56
2012-12-07,WEAT,23.4615
2012-12-08,WEAT,23.4615
2012-12-09,WEAT,23.4615
2012-12-10,WEAT,23.25
2012-12-11,WEAT,22.54
2012-12-12,WEAT,22.377
2012-12-13,WEAT,22.29
2012-12-14,WEAT,22.44
2012-12-15,WEAT,22.44
2012-12-16,WEAT,22.44
2012-12-17,WEAT,22.2
2012-12-18,WEAT,22.25
2012-12-19,WEAT,22.09
2012-12-20,WEAT,21.65
2012-12-21,WEAT,21.7299
2012-12-22,WEAT,21.7299
2012-12-23,WEAT,21.7299
2012-12-24,WEAT,21.67
2012-12-25,WEAT,21.67
2012-12-26,WEAT,21.1844
2012-12-27,WEAT,21.23
2012-12-28,WEAT,21.34
2012-12-29,WEAT,21.34
2012-12-30,WEAT,21.34
2012-12-31,WEAT,21.3199
2013-01-01,WEAT,21.3199
2013-01-02,WEAT,20.63
2013-01-03,WEAT,20.65
2013-01-04,WEAT,20.42
2013-01-05,WEAT,20.42
2013-01-06,WEAT,20.42
2013-01-07,WEAT,20.5472
2013-01-08,WEAT,20.53
2013-01-09,WEAT,20.429
2013-01-10,WEAT,20.33
2013-01-11,WEAT,20.586
2013-01-12,WEAT,20.586
2013-01-13,WEAT,20.586
2013-01-14,WEAT,20.844
2013-01-15,WEAT,21.28
2013-01-16,WEAT,21.49
2013-01-17,WEAT,21.32
2013-01-18,WEAT,21.4456
2013-01-19,WEAT,21.4456
2013-01-20,WEAT,21.4456
2013-01-21,WEAT,21.4456
2013-01-22,WEAT,21.18
2013-01-23,WEAT,21.09
2013-01-24,WEAT,20.81
2013-01-25,WEAT,21.0199
2013-01-26,WEAT,21.0199
2013-01-27,WEAT,21.0199
2013-01-28,WEAT,21.05
2013-01-29,WEAT,21.0688
2013-01-30,WEAT,21.49
2013-01-31,WEAT,21.19
2013-02-01,WEAT,20.73
2013-02-02,WEAT,20.73
2013-02-03,WEAT,20.73
2013-02-04,WEAT,20.65
2013-02-05,WEAT,20.5795
2013-02-06,WEAT,20.51
2013-02-07,WEAT,20.29
2013-02-08,WEAT,20.3958
2013-02-09,WEAT,20.3958
2013-02-10,WEAT,20.3958
2013-02-11,WEAT,19.9701
2013-02-12,WEAT,19.73
2013-02-13,WEAT,19.93
2013-02-14,WEAT,19.88
2013-02-15,WEAT,20.04
2013-02-16,WEAT,20.04
2013-02-17,WEAT,20.04
2013-02-18,WEAT,20.04
2013-02-19,WEAT,19.6601
2013-02-20,WEAT,19.8799
2013-02-21,WEAT,19.331
2013-02-22,WEAT,19.24
2013-02-23,WEAT,19.24
2013-02-24,WEAT,19.24
2013-02-25,WEAT,18.86
2013-02-26,WEAT,18.9999
2013-02-27,WEAT,18.96
2013-02-28,WEAT,19.12
2013-03-01,WEAT,19.1696
2013-03-02,WEAT,19.1696
2013-03-03,WEAT,19.1696
2013-03-04,WEAT,18.7764
2013-03-05,WEAT,18.84
2013-03-06,WEAT,18.29
2013-03-07,WEAT,18.5
2013-03-08,WEAT,18.49
2013-03-09,WEAT,18.49
2013-03-10,WEAT,18.49
2013-03-11,WEAT,18.72
2013-03-12,WEAT,18.7
2013-03-13,WEAT,18.8
2013-03-14,WEAT,19.198
2013-03-15,WEAT,19.154
2013-03-16,WEAT,19.154
2013-03-17,WEAT,19.154
2013-03-18,WEAT,19.0099
2013-03-19,WEAT,19.1
2013-03-20,WEAT,19.38
2013-03-21,WEAT,19.32
2013-03-22,WEAT,19.2
2013-03-23,WEAT,19.2
2013-03-24,WEAT,19.2
2013-03-25,WEAT,19.22
2013-03-26,WEAT,19.418
2013-03-27,WEAT,19.4301
2013-03-28,WEAT,18.399
2013-03-29,WEAT,18.399
2013-03-30,WEAT,18.399
2013-03-31,WEAT,18.399
2013-04-01,WEAT,17.91
2013-04-02,WEAT,18.112
2013-04-03,WEAT,18.6274
2013-04-04,WEAT,18.598
2013-04-05,WEAT,18.75
2013-04-06,WEAT,18.75
2013-04-07,WEAT,18.75
2013-04-08,WEAT,18.97
2013-04-09,WEAT,18.95
2013-04-10,WEAT,18.76
2013-04-11,WEAT,18.74
2013-04-12,WEAT,18.91
2013-04-13,WEAT,18.91
2013-04-14,WEAT,18.91
2013-04-15,WEAT,18.385
2013-04-16,WEAT,18.75
2013-04-17,WEAT,18.6101
2013-04-18,WEAT,18.8361
2013-04-19,WEAT,18.935
2013-04-20,WEAT,18.935
2013-04-21,WEAT,18.935
2013-04-22,WEAT,18.62
2013-04-23,WEAT,18.47
2013-04-24,WEAT,18.322
2013-04-25,WEAT,18.56
2013-04-26,WEAT,18.24
2013-04-27,WEAT,18.24
2013-04-28,WEAT,18.24
2013-04-29,WEAT,19.1358
2013-04-30,WEAT,19.47
2013-05-01,WEAT,19.15
2013-05-02,WEAT,19.25
2013-05-03,WEAT,19.132
2013-05-04,WEAT,19.132
2013-05-05,WEAT,19.132
2013-05-06,WEAT,18.6501
2013-05-07,WEAT,18.83
2013-05-08,WEAT,18.7524
2013-05-09,WEAT,19.17
2013-05-10,WEAT,18.769
2013-05-11,WEAT,18.769
2013-05-12,WEAT,18.769
2013-05-13,WEAT,18.878
2013-05-14,WEAT,19.24
2013-05-15,WEAT,18.47
2013-05-16,WEAT,18.35
2013-05-17,WEAT,18.2
2013-05-18,WEAT,18.2
2013-05-19,WEAT,18.2
2013-05-20,WEAT,18.31
2013-05-21,WEAT,18.07
2013-05-22,WEAT,18.33
2013-05-23,WEAT,18.635
2013-05-24,WEAT,18.34
2013-05-25,WEAT,18.34
2013-05-26,WEAT,18.34
2013-05-27,WEAT,18.34
2013-05-28,WEAT,18.48
2013-05-29,WEAT,18.76
2013-05-30,WEAT,18.54
2013-05-31,WEAT,18.85
2013-06-01,WEAT,18.85
2013-06-02,WEAT,18.85
2013-06-03,WEAT,19.04
2013-06-04,WEAT,18.99
2013-06-05,WEAT,18.62
2013-06-06,WEAT,18.679
2013-06-07,WEAT,18.64
2013-06-08,WEAT,18.64
2013-06-09,WEAT,18.64
2013-06-10,WEAT,18.3536
2013-06-11,WEAT,18.45
2013-06-12,WEAT,18.14
2013-06-13,WEAT,17.9881
2013-06-14,WEAT,18.07
2013-06-15,WEAT,18.07
2013-06-16,WEAT,18.07
2013-06-17,WEAT,18.11
2013-06-18,WEAT,18.2489
2013-06-19,WEAT,18.65
2013-06-20,WEAT,18.42
2013-06-21,WEAT,18.307
2013-06-22,WEAT,18.307
2013-06-23,WEAT,18.307
2013-06-24,WEAT,18
2013-06-25,WEAT,17.89
2013-06-26,WEAT,17.6701
2013-06-27,WEAT,17.66
2013-06-28,WEAT,17.05
2013-06-29,WEAT,17.05
2013-06-30,WEAT,17.05
2013-07-01,WEAT,17.12
2013-07-02,WEAT,17.17
2013-07-03,WEAT,17.34
2013-07-04,WEAT,17.34
2013-07-05,WEAT,17.05
2013-07-06,WEAT,17.05
2013-07-07,WEAT,17.05
2013-07-08,WEAT,17.09
2013-07-09,WEAT,17.57
2013-07-10,WEAT,17.64
2013-07-11,WEAT,17.74
2013-07-12,WEAT,17.664
2013-07-13,WEAT,17.664
2013-07-14,WEAT,17.664
2013-07-15,WEAT,17.25
2013-07-16,WEAT,17.35
2013-07-17,WEAT,17.376
2013-07-18,WEAT,17.06
2013-07-19,WEAT,17.1799
2013-07-20,WEAT,17.1799
2013-07-21,WEAT,17.1799
2013-07-22,WEAT,17.14
2013-07-23,WEAT,17.0199
2013-07-24,WEAT,16.99
2013-07-25,WEAT,16.7212
2013-07-26,WEAT,16.76
2013-07-27,WEAT,16.76
2013-07-28,WEAT,16.76
2013-07-29,WEAT,16.87
2013-07-30,WEAT,16.83
2013-07-31,WEAT,17.098
2013-08-01,WEAT,16.989
2013-08-02,WEAT,17.08
2013-08-03,WEAT,17.08
2013-08-04,WEAT,17.08
2013-08-05,WEAT,16.567
2013-08-06,WEAT,16.6501
2013-08-07,WEAT,16.5501
2013-08-08,WEAT,16.56
2013-08-09,WEAT,16.34
2013-08-10,WEAT,16.34
2013-08-11,WEAT,16.34
2013-08-12,WEAT,16.5001
2013-08-13,WEAT,16.34
2013-08-14,WEAT,16.29
2013-08-15,WEAT,16.5
2013-08-16,WEAT,16.39
2013-08-17,WEAT,16.39
2013-08-18,WEAT,16.39
2013-08-19,WEAT,16.6763
2013-08-20,WEAT,16.46
2013-08-21,WEAT,16.48
2013-08-22,WEAT,16.284
2013-08-23,WEAT,16.34
2013-08-24,WEAT,16.34
2013-08-25,WEAT,16.34
2013-08-26,WEAT,16.88
2013-08-27,WEAT,16.78
2013-08-28,WEAT,16.6919
2013-08-29,WEAT,16.54
2013-08-30,WEAT,16.57
2013-08-31,WEAT,16.57
2013-09-01,WEAT,16.57
2013-09-02,WEAT,16.57
2013-09-03,WEAT,16.322
2013-09-04,WEAT,16.2588
2013-09-05,WEAT,16.23
2013-09-06,WEAT,16.261
2013-09-07,WEAT,16.261
2013-09-08,WEAT,16.261
2013-09-09,WEAT,16.3
2013-09-10,WEAT,16.33
2013-09-11,WEAT,16.18
2013-09-12,WEAT,16.4104
2013-09-13,WEAT,16.1
2013-09-14,WEAT,16.1
2013-09-15,WEAT,16.1
2013-09-16,WEAT,16.3699
2013-09-17,WEAT,16.13
2013-09-18,WEAT,16.3699
2013-09-19,WEAT,16.4
2013-09-20,WEAT,16.1899
2013-09-21,WEAT,16.1899
2013-09-22,WEAT,16.1899
2013-09-23,WEAT,16.3799
2013-09-24,WEAT,16.4
2013-09-25,WEAT,16.7
2013-09-26,WEAT,16.84
2013-09-27,WEAT,16.87
2013-09-28,WEAT,16.87
2013-09-29,WEAT,16.87
2013-09-30,WEAT,16.64
2013-10-01,WEAT,16.81
2013-10-02,WEAT,16.93
2013-10-03,WEAT,16.94
2013-10-04,WEAT,17.05
2013-10-05,WEAT,17.05
2013-10-06,WEAT,17.05
2013-10-07,WEAT,17.25
2013-10-08,WEAT,17.16
2013-10-09,WEAT,17.15
2013-10-10,WEAT,17.0704
2013-10-11,WEAT,17.11
2013-10-12,WEAT,17.11
2013-10-13,WEAT,17.11
2013-10-14,WEAT,17.16
2013-10-15,WEAT,17
2013-10-16,WEAT,16.7
2013-10-17,WEAT,16.95
2013-10-18,WEAT,17.37
2013-10-19,WEAT,17.37
2013-10-20,WEAT,17.37
2013-10-21,WEAT,17.3
2013-10-22,WEAT,17.3
2013-10-23,WEAT,17.68
2013-10-24,WEAT,17.32
2013-10-25,WEAT,17.15
2013-10-26,WEAT,17.15
2013-10-27,WEAT,17.15
2013-10-28,WEAT,16.91
2013-10-29,WEAT,17
2013-10-30,WEAT,16.86
2013-10-31,WEAT,16.65
2013-11-01,WEAT,16.6
2013-11-02,WEAT,16.6
2013-11-03,WEAT,16.6
2013-11-04,WEAT,16.55
2013-11-05,WEAT,16.3106
2013-11-06,WEAT,16.21
2013-11-07,WEAT,16.24
2013-11-08,WEAT,16.18
2013-11-09,WEAT,16.18
2013-11-10,WEAT,16.18
2013-11-11,WEAT,16.18
2013-11-12,WEAT,16.02
2013-11-13,WEAT,16.1
2013-11-14,WEAT,16.02
2013-11-15,WEAT,15.9
2013-11-16,WEAT,15.9
2013-11-17,WEAT,15.9
2013-11-18,WEAT,15.88
2013-11-19,WEAT,16.39
2013-11-20,WEAT,16
2013-11-21,WEAT,15.97
2013-11-22,WEAT,16.02
2013-11-23,WEAT,16.02
2013-11-24,WEAT,16.02
2013-11-25,WEAT,16.05
2013-11-26,WEAT,15.95
2013-11-27,WEAT,15.95
2013-11-28,WEAT,15.95
2013-11-29,WEAT,16.072
2013-11-30,WEAT,16.072
2013-12-01,WEAT,16.072
2013-12-02,WEAT,16.09
2013-12-03,WEAT,15.99
2013-12-04,WEAT,16.13
2013-12-05,WEAT,15.9099
2013-12-06,WEAT,15.86
2013-12-07,WEAT,15.86
2013-12-08,WEAT,15.86
2013-12-09,WEAT,15.9
2013-12-10,WEAT,15.5401
2013-12-11,WEAT,15.6528
2013-12-12,WEAT,15.5192
2013-12-13,WEAT,15.4598
2013-12-14,WEAT,15.4598
2013-12-15,WEAT,15.4598
2013-12-16,WEAT,15.2002
2013-12-17,WEAT,15.1491
2013-12-18,WEAT,15.021
2013-12-19,WEAT,14.9799
2013-12-20,WEAT,15.0599
2013-12-21,WEAT,15.0599
2013-12-22,WEAT,15.0599
2013-12-23,WEAT,15.12
2013-12-24,WEAT,14.87
2013-12-25,WEAT,14.87
2013-12-26,WEAT,14.9
2013-12-27,WEAT,14.9
2013-12-28,WEAT,14.9
2013-12-29,WEAT,14.9
2013-12-30,WEAT,14.7
2013-12-31,WEAT,14.75
2014-01-01,WEAT,14.75
2014-01-02,WEAT,14.69
2014-01-03,WEAT,14.7501
2014-01-04,WEAT,14.7501
2014-01-05,WEAT,14.7501
2014-01-06,WEAT,14.88
2014-01-07,WEAT,14.76
2014-01-08,WEAT,14.504
2014-01-09,WEAT,14.6
2014-01-10,WEAT,14.1
2014-01-11,WEAT,14.1
2014-01-12,WEAT,14.1
2014-01-13,WEAT,14.12
2014-01-14,WEAT,14.39
2014-01-15,WEAT,14.162
2014-01-16,WEAT,14.22
2014-01-17,WEAT,13.9
2014-01-18,WEAT,13.9
2014-01-19,WEAT,13.9
2014-01-20,WEAT,13.9
2014-01-21,WEAT,13.93
2014-01-22,WEAT,13.91
2014-01-23,WEAT,14.1
2014-01-24,WEAT,13.97
2014-01-25,WEAT,13.97
2014-01-26,WEAT,13.97
2014-01-27,WEAT,13.85
2014-01-28,WEAT,13.7377
2014-01-29,WEAT,13.4
2014-01-30,WEAT,13.42
2014-01-31,WEAT,13.5
2014-02-01,WEAT,13.5
2014-02-02,WEAT,13.5
2014-02-03,WEAT,13.54
2014-02-04,WEAT,14.26
2014-02-05,WEAT,14.4
2014-02-06,WEAT,14.01
2014-02-07,WEAT,14.12
2014-02-08,WEAT,14.12
2014-02-09,WEAT,14.12
2014-02-10,WEAT,14.34
2014-02-11,WEAT,14.12
2014-02-12,WEAT,14.1599
2014-02-13,WEAT,14.34
2014-02-14,WEAT,14.4
2014-02-15,WEAT,14.4
2014-02-16,WEAT,14.4
2014-02-17,WEAT,14.4
2014-02-18,WEAT,14.86
2014-02-19,WEAT,14.9
2014-02-20,WEAT,14.8
2014-02-21,WEAT,14.6974
2014-02-22,WEAT,14.6974
2014-02-23,WEAT,14.6974
2014-02-24,WEAT,14.8528
2014-02-25,WEAT,15.05
2014-02-26,WEAT,14.6229
2014-02-27,WEAT,14.2
2014-02-28,WEAT,14.49
2014-03-01,WEAT,14.49
2014-03-02,WEAT,14.49
2014-03-03,WEAT,15.41
2014-03-04,WEAT,15.3358
2014-03-05,WEAT,15.34
2014-03-06,WEAT,15.58
2014-03-07,WEAT,15.74
2014-03-08,WEAT,15.74
2014-03-09,WEAT,15.74
2014-03-10,WEAT,15.26
2014-03-11,WEAT,15.8064
2014-03-12,WEAT,16.3799
2014-03-13,WEAT,15.99
2014-03-14,WEAT,16.33
2014-03-15,WEAT,16.33
2014-03-16,WEAT,16.33
2014-03-17,WEAT,16.14
2014-03-18,WEAT,16.53
2014-03-19,WEAT,16.91
2014-03-20,WEAT,16.74
2014-03-21,WEAT,16.34
2014-03-22,WEAT,16.34
2014-03-23,WEAT,16.34
2014-03-24,WEAT,16.8591
2014-03-25,WEAT,16.78
2014-03-26,WEAT,16.57
2014-03-27,WEAT,16.88
2014-03-28,WEAT,16.47
2014-03-29,WEAT,16.47
2014-03-30,WEAT,16.47
2014-03-31,WEAT,16.53
2014-04-01,WEAT,16.35
2014-04-02,WEAT,15.9
2014-04-03,WEAT,16.08
2014-04-04,WEAT,16.05
2014-04-05,WEAT,16.05
2014-04-06,WEAT,16.05
2014-04-07,WEAT,16.199
2014-04-08,WEAT,16.4653
2014-04-09,WEAT,15.9
2014-04-10,WEAT,15.92
2014-04-11,WEAT,15.84
2014-04-12,WEAT,15.84
2014-04-13,WEAT,15.84
2014-04-14,WEAT,16.22
2014-04-15,WEAT,16.78
2014-04-16,WEAT,16.3999
2014-04-17,WEAT,16.46
2014-04-18,WEAT,16.46
2014-04-19,WEAT,16.46
2014-04-20,WEAT,16.46
2014-04-21,WEAT,16.0061
2014-04-22,WEAT,16.46
2014-04-23,WEAT,16.13
2014-04-24,WEAT,16.61
2014-04-25,WEAT,16.87
2014-04-26,WEAT,16.87
2014-04-27,WEAT,16.87
2014-04-28,WEAT,16.72
2014-04-29,WEAT,16.91
2014-04-30,WEAT,17.0799
2014-05-01,WEAT,16.799
2014-05-02,WEAT,16.95
2014-05-03,WEAT,16.95
2014-05-04,WEAT,16.95
2014-05-05,WEAT,17.21
2014-05-06,WEAT,17.472
2014-05-07,WEAT,17.43
2014-05-08,WEAT,17.35
2014-05-09,WEAT,17.13
2014-05-10,WEAT,17.13
2014-05-11,WEAT,17.13
2014-05-12,WEAT,16.94
2014-05-13,WEAT,16.63
2014-05-14,WEAT,16.35
2014-05-15,WEAT,16.01
2014-05-16,WEAT,15.95
2014-05-17,WEAT,15.95
2014-05-18,WEAT,15.95
2014-05-19,WEAT,15.89
2014-05-20,WEAT,15.781
2014-05-21,WEAT,15.8
2014-05-22,WEAT,15.6504
2014-05-23,WEAT,15.5502
2014-05-24,WEAT,15.5502
2014-05-25,WEAT,15.5502
2014-05-26,WEAT,15.5502
2014-05-27,WEAT,15.23
2014-05-28,WEAT,15.2601
2014-05-29,WEAT,15.16
2014-05-30,WEAT,15.09
2014-05-31,WEAT,15.09
2014-06-01,WEAT,15.09
2014-06-02,WEAT,14.97
2014-06-03,WEAT,14.75
2014-06-04,WEAT,14.81
2014-06-05,WEAT,14.62
2014-06-06,WEAT,15
2014-06-07,WEAT,15
2014-06-08,WEAT,15
2014-06-09,WEAT,14.8828
2014-06-10,WEAT,14.63
2014-06-11,WEAT,14.35
2014-06-12,WEAT,14.23
2014-06-13,WEAT,14.18
2014-06-14,WEAT,14.18
2014-06-15,WEAT,14.18
2014-06-16,WEAT,14.03
2014-06-17,WEAT,14.08
2014-06-18,WEAT,14.18
2014-06-19,WEAT,14.45
2014-06-20,WEAT,14.12
2014-06-21,WEAT,14.12
2014-06-22,WEAT,14.12
2014-06-23,WEAT,14.06
2014-06-24,WEAT,13.91
2014-06-25,WEAT,13.98
2014-06-26,WEAT,13.92
2014-06-27,WEAT,14.12
2014-06-28,WEAT,14.12
2014-06-29,WEAT,14.12
2014-06-30,WEAT,13.765
2014-07-01,WEAT,13.74
2014-07-02,WEAT,13.82
2014-07-03,WEAT,13.92
2014-07-04,WEAT,13.92
2014-07-05,WEAT,13.92
2014-07-06,WEAT,13.92
2014-07-07,WEAT,13.41
2014-07-08,WEAT,13.41
2014-07-09,WEAT,13.26
2014-07-10,WEAT,13.14
2014-07-11,WEAT,12.67
2014-07-12,WEAT,12.67
2014-07-13,WEAT,12.67
2014-07-14,WEAT,12.99
2014-07-15,WEAT,12.96
2014-07-16,WEAT,13.0099
2014-07-17,WEAT,13.26
2014-07-18,WEAT,12.89
2014-07-19,WEAT,12.89
2014-07-20,WEAT,12.89
2014-07-21,WEAT,12.88
2014-07-22,WEAT,12.72
2014-07-23,WEAT,12.88
2014-07-24,WEAT,12.8
2014-07-25,WEAT,12.95
2014-07-26,WEAT,12.95
2014-07-27,WEAT,12.95
2014-07-28,WEAT,12.91
2014-07-29,WEAT,12.61
2014-07-30,WEAT,12.75
2014-07-31,WEAT,12.71
2014-08-01,WEAT,12.76
2014-08-02,WEAT,12.76
2014-08-03,WEAT,12.76
2014-08-04,WEAT,12.96
2014-08-05,WEAT,13.18
2014-08-06,WEAT,13.42
2014-08-07,WEAT,13.28
2014-08-08,WEAT,12.93
2014-08-09,WEAT,12.93
2014-08-10,WEAT,12.93
2014-08-11,WEAT,12.87
2014-08-12,WEAT,12.7
2014-08-13,WEAT,12.56
2014-08-14,WEAT,12.67
2014-08-15,WEAT,12.91
2014-08-16,WEAT,12.91
2014-08-17,WEAT,12.91
2014-08-18,WEAT,12.73
2014-08-19,WEAT,12.8
2014-08-20,WEAT,12.64
2014-08-21,WEAT,12.64
2014-08-22,WEAT,12.8
2014-08-23,WEAT,12.8
2014-08-24,WEAT,12.8
2014-08-25,WEAT,12.68
2014-08-26,WEAT,12.7153
2014-08-27,WEAT,12.82
2014-08-28,WEAT,12.97
2014-08-29,WEAT,12.86
2014-08-30,WEAT,12.86
2014-08-31,WEAT,12.86
2014-09-01,WEAT,12.86
2014-09-02,WEAT,12.67
2014-09-03,WEAT,12.26
2014-09-04,WEAT,12.14
2014-09-05,WEAT,12.23
2014-09-06,WEAT,12.23
2014-09-07,WEAT,12.23
2014-09-08,WEAT,12.17
2014-09-09,WEAT,12.08
2014-09-10,WEAT,11.9
2014-09-11,WEAT,11.66
2014-09-12,WEAT,11.53
2014-09-13,WEAT,11.53
2014-09-14,WEAT,11.53
2014-09-15,WEAT,11.5099
2014-09-16,WEAT,11.42
2014-09-17,WEAT,11.45
2014-09-18,WEAT,11.24
2014-09-19,WEAT,10.92
2014-09-20,WEAT,10.92
2014-09-21,WEAT,10.92
2014-09-22,WEAT,10.8598
2014-09-23,WEAT,10.81
2014-09-24,WEAT,10.92
2014-09-25,WEAT,10.81
2014-09-26,WEAT,10.782
2014-09-27,WEAT,10.782
2014-09-28,WEAT,10.782
2014-09-29,WEAT,10.92
2014-09-30,WEAT,10.83
2014-10-01,WEAT,10.92
2014-10-02,WEAT,10.99
2014-10-03,WEAT,11.02
2014-10-04,WEAT,11.02
2014-10-05,WEAT,11.02
2014-10-06,WEAT,11.16
2014-10-07,WEAT,11.449
2014-10-08,WEAT,11.45
2014-10-09,WEAT,11.1001
2014-10-10,WEAT,11.18
2014-10-11,WEAT,11.18
2014-10-12,WEAT,11.18
2014-10-13,WEAT,11.35
2014-10-14,WEAT,11.45
2014-10-15,WEAT,11.38
2014-10-16,WEAT,11.6
2014-10-17,WEAT,11.5199
2014-10-18,WEAT,11.5199
2014-10-19,WEAT,11.5199
2014-10-20,WEAT,11.47
2014-10-21,WEAT,11.65
2014-10-22,WEAT,11.73
2014-10-23,WEAT,11.84
2014-10-24,WEAT,11.66
2014-10-25,WEAT,11.66
2014-10-26,WEAT,11.66
2014-10-27,WEAT,11.75
2014-10-28,WEAT,11.8901
2014-10-29,WEAT,12.0201
2014-10-30,WEAT,11.94
2014-10-31,WEAT,11.89
2014-11-01,WEAT,11.89
2014-11-02,WEAT,11.89
2014-11-03,WEAT,11.98
2014-11-04,WEAT,11.82
2014-11-05,WEAT,11.68
2014-11-06,WEAT,11.65
2014-11-07,WEAT,11.48
2014-11-08,WEAT,11.48
2014-11-09,WEAT,11.48
2014-11-10,WEAT,11.5
2014-11-11,WEAT,11.55
2014-11-12,WEAT,11.94
2014-11-13,WEAT,12.06
2014-11-14,WEAT,12.24
2014-11-15,WEAT,12.24
2014-11-16,WEAT,12.24
2014-11-17,WEAT,12.0799
2014-11-18,WEAT,12
2014-11-19,WEAT,11.79
2014-11-20,WEAT,12.01
2014-11-21,WEAT,12.05
2014-11-22,WEAT,12.05
2014-11-23,WEAT,12.05
2014-11-24,WEAT,11.93
2014-11-25,WEAT,12.15
2014-11-26,WEAT,12.18
2014-11-27,WEAT,12.18
2014-11-28,WEAT,12.55
2014-11-29,WEAT,12.55
2014-11-30,WEAT,12.55
2014-12-01,WEAT,13.08
2014-12-02,WEAT,13.02
2014-12-03,WEAT,12.73
2014-12-04,WEAT,12.7101
2014-12-05,WEAT,12.79
2014-12-06,WEAT,12.79
2014-12-07,WEAT,12.79
2014-12-08,WEAT,12.8
2014-12-09,WEAT,12.62
2014-12-10,WEAT,12.52
2014-12-11,WEAT,12.79
2014-12-12,WEAT,12.97
2014-12-13,WEAT,12.97
2014-12-14,WEAT,12.97
2014-12-15,WEAT,13.21
2014-12-16,WEAT,13.28
2014-12-17,WEAT,13.76
2014-12-18,WEAT,13.9
2014-12-19,WEAT,13.53
2014-12-20,WEAT,13.53
2014-12-21,WEAT,13.53
2014-12-22,WEAT,13.38
2014-12-23,WEAT,13.6
2014-12-24,WEAT,13.1
2014-12-25,WEAT,13.1
2014-12-26,WEAT,13.11
2014-12-27,WEAT,13.11
2014-12-28,WEAT,13.11
2014-12-29,WEAT,13.18
2014-12-30,WEAT,12.97
2014-12-31,WEAT,12.736
2015-01-01,WEAT,12.736
2015-01-02,WEAT,12.54
2015-01-03,WEAT,12.54
2015-01-04,WEAT,12.54
2015-01-05,WEAT,12.65
2015-01-06,WEAT,12.73
2015-01-07,WEAT,12.4761
2015-01-08,WEAT,12.23
2015-01-09,WEAT,12.14
2015-01-10,WEAT,12.14
2015-01-11,WEAT,12.14
2015-01-12,WEAT,12.01
2015-01-13,WEAT,11.83
2015-01-14,WEAT,11.6199
2015-01-15,WEAT,11.49
2015-01-16,WEAT,11.47
2015-01-17,WEAT,11.47
2015-01-18,WEAT,11.47
2015-01-19,WEAT,11.47
2015-01-20,WEAT,11.58
2015-01-21,WEAT,11.54
2015-01-22,WEAT,11.5
2015-01-23,WEAT,11.41
2015-01-24,WEAT,11.41
2015-01-25,WEAT,11.41
2015-01-26,WEAT,11.26
2015-01-27,WEAT,11.24
2015-01-28,WEAT,11
2015-01-29,WEAT,11.07
2015-01-30,WEAT,10.9516
2015-01-31,WEAT,10.9516
2015-02-01,WEAT,10.9516
2015-02-02,WEAT,10.72
2015-02-03,WEAT,11.11
2015-02-04,WEAT,11.07
2015-02-05,WEAT,11.31
2015-02-06,WEAT,11.36
2015-02-07,WEAT,11.36
2015-02-08,WEAT,11.36
2015-02-09,WEAT,11.37
2015-02-10,WEAT,11.217
2015-02-11,WEAT,11.22
2015-02-12,WEAT,11.1201
2015-02-13,WEAT,11.33
2015-02-14,WEAT,11.33
2015-02-15,WEAT,11.33
2015-02-16,WEAT,11.33
2015-02-17,WEAT,11.37
2015-02-18,WEAT,11.22
2015-02-19,WEAT,11.1152
2015-02-20,WEAT,10.83
2015-02-21,WEAT,10.83
2015-02-22,WEAT,10.83
2015-02-23,WEAT,10.82
2015-02-24,WEAT,10.8299
2015-02-25,WEAT,10.66
2015-02-26,WEAT,10.77
2015-02-27,WEAT,10.97
2015-02-28,WEAT,10.97
2015-03-01,WEAT,10.97
2015-03-02,WEAT,10.74
2015-03-03,WEAT,10.8299
2015-03-04,WEAT,10.71
2015-03-05,WEAT,10.401
2015-03-06,WEAT,10.36
2015-03-07,WEAT,10.36
2015-03-08,WEAT,10.36
2015-03-09,WEAT,10.55
2015-03-10,WEAT,10.62
2015-03-11,WEAT,10.68
2015-03-12,WEAT,10.85
2015-03-13,WEAT,10.69
2015-03-14,WEAT,10.69
2015-03-15,WEAT,10.69
2015-03-16,WEAT,11.0399
2015-03-17,WEAT,10.77
2015-03-18,WEAT,10.98
2015-03-19,WEAT,10.9699
2015-03-20,WEAT,11.34
2015-03-21,WEAT,11.34
2015-03-22,WEAT,11.34
2015-03-23,WEAT,11.4299
2015-03-24,WEAT,11.22
2015-03-25,WEAT,11.13
2015-03-26,WEAT,10.7199
2015-03-27,WEAT,10.8899
2015-03-28,WEAT,10.8899
2015-03-29,WEAT,10.8899
2015-03-30,WEAT,11.35
2015-03-31,WEAT,10.93
2015-04-01,WEAT,11.22
2015-04-02,WEAT,11.36
2015-04-03,WEAT,11.36
2015-04-04,WEAT,11.36
2015-04-05,WEAT,11.36
2015-04-06,WEAT,11.1832
2015-04-07,WEAT,11.164
2015-04-08,WEAT,11.05
2015-04-09,WEAT,11.01
2015-04-10,WEAT,11.13
2015-04-11,WEAT,11.13
2015-04-12,WEAT,11.13
2015-04-13,WEAT,10.64
2015-04-14,WEAT,10.569
2015-04-15,WEAT,10.39
2015-04-16,WEAT,10.45
2015-04-17,WEAT,10.38
2015-04-18,WEAT,10.38
2015-04-19,WEAT,10.38
2015-04-20,WEAT,10.588
2015-04-21,WEAT,10.6101
2015-04-22,WEAT,10.58
2015-04-23,WEAT,10.6659
2015-04-24,WEAT,10.38
2015-04-25,WEAT,10.38
2015-04-26,WEAT,10.38
2015-04-27,WEAT,10.1
2015-04-28,WEAT,10.1584
2015-04-29,WEAT,10.28
2015-04-30,WEAT,10.15
2015-05-01,WEAT,10.1001
2015-05-02,WEAT,10.1001
2015-05-03,WEAT,10.1001
2015-05-04,WEAT,10.07
2015-05-05,WEAT,9.92
2015-05-06,WEAT,10.2
2015-05-07,WEAT,10.059
2015-05-08,WEAT,10.26
2015-05-09,WEAT,10.26
2015-05-10,WEAT,10.26
2015-05-11,WEAT,10.22
2015-05-12,WEAT,10.21
2015-05-13,WEAT,10.21
2015-05-14,WEAT,10.765
2015-05-15,WEAT,10.73
2015-05-16,WEAT,10.73
2015-05-17,WEAT,10.73
2015-05-18,WEAT,10.92
2015-05-19,WEAT,10.74
2015-05-20,WEAT,10.7
2015-05-21,WEAT,10.813
2015-05-22,WEAT,10.77
2015-05-23,WEAT,10.77
2015-05-24,WEAT,10.77
2015-05-25,WEAT,10.77
2015-05-26,WEAT,10.32
2015-05-27,WEAT,10.15
2015-05-28,WEAT,10.2
2015-05-29,WEAT,9.98
2015-05-30,WEAT,9.98
2015-05-31,WEAT,9.98
2015-06-01,WEAT,10.31
2015-06-02,WEAT,10.57
2015-06-03,WEAT,10.51
2015-06-04,WEAT,10.8
2015-06-05,WEAT,10.59
2015-06-06,WEAT,10.59
2015-06-07,WEAT,10.59
2015-06-08,WEAT,10.8451
2015-06-09,WEAT,10.9651
2015-06-10,WEAT,10.6499
2015-06-11,WEAT,10.48
2015-06-12,WEAT,10.45
2015-06-13,WEAT,10.45
2015-06-14,WEAT,10.45
2015-06-15,WEAT,10.14
2015-06-16,WEAT,10.1
2015-06-17,WEAT,10.23
2015-06-18,WEAT,10.1501
2015-06-19,WEAT,10.147
2015-06-20,WEAT,10.147
2015-06-21,WEAT,10.147
2015-06-22,WEAT,10.39
2015-06-23,WEAT,10.74
2015-06-24,WEAT,10.6616
2015-06-25,WEAT,10.88
2015-06-26,WEAT,11.39
2015-06-27,WEAT,11.39
2015-06-28,WEAT,11.39
2015-06-29,WEAT,11.68
2015-06-30,WEAT,12.26
2015-07-01,WEAT,11.74
2015-07-02,WEAT,11.71
2015-07-03,WEAT,11.71
2015-07-04,WEAT,11.71
2015-07-05,WEAT,11.71
2015-07-06,WEAT,11.88
2015-07-07,WEAT,11.641
2015-07-08,WEAT,11.49
2015-07-09,WEAT,11.53
2015-07-10,WEAT,11.45
2015-07-11,WEAT,11.45
2015-07-12,WEAT,11.45
2015-07-13,WEAT,11.37
2015-07-14,WEAT,11.28
2015-07-15,WEAT,11.29
2015-07-16,WEAT,11.23
2015-07-17,WEAT,11.0801
2015-07-18,WEAT,11.0801
2015-07-19,WEAT,11.0801
2015-07-20,WEAT,10.75
2015-07-21,WEAT,10.51
2015-07-22,WEAT,10.34
2015-07-23,WEAT,10.46
2015-07-24,WEAT,10.25
2015-07-25,WEAT,10.25
2015-07-26,WEAT,10.25
2015-07-27,WEAT,10.09
2015-07-28,WEAT,10.31
2015-07-29,WEAT,10.05
2015-07-30,WEAT,9.99
2015-07-31,WEAT,9.97
2015-08-01,WEAT,9.97
2015-08-02,WEAT,9.97
2015-08-03,WEAT,9.995
2015-08-04,WEAT,9.93
2015-08-05,WEAT,10.07
2015-08-06,WEAT,10.14
2015-08-07,WEAT,10.2
2015-08-08,WEAT,10.2
2015-08-09,WEAT,10.2
2015-08-10,WEAT,10.47
2015-08-11,WEAT,10.157
2015-08-12,WEAT,9.87
2015-08-13,WEAT,10.08
2015-08-14,WEAT,10.1
2015-08-15,WEAT,10.1
2015-08-16,WEAT,10.1
2015-08-17,WEAT,9.9999
2015-08-18,WEAT,9.89
2015-08-19,WEAT,9.85
2015-08-20,WEAT,10.02
2015-08-21,WEAT,9.89
2015-08-22,WEAT,9.89
2015-08-23,WEAT,9.89
2015-08-24,WEAT,10
2015-08-25,WEAT,9.888
2015-08-26,WEAT,9.79
2015-08-27,WEAT,9.71
2015-08-28,WEAT,9.62
2015-08-29,WEAT,9.62
2015-08-30,WEAT,9.62
2015-08-31,WEAT,9.63
2015-09-01,WEAT,9.56
2015-09-02,WEAT,9.49
2015-09-03,WEAT,9.24
2015-09-04,WEAT,9.3175
2015-09-05,WEAT,9.3175
2015-09-06,WEAT,9.3175
2015-09-07,WEAT,9.3175
2015-09-08,WEAT,9.4
2015-09-09,WEAT,9.36
2015-09-10,WEAT,9.46
2015-09-11,WEAT,9.63
2015-09-12,WEAT,9.63
2015-09-13,WEAT,9.63
2015-09-14,WEAT,9.9199
2015-09-15,WEAT,9.78
2015-09-16,WEAT,9.65
2015-09-17,WEAT,9.53
2015-09-18,WEAT,9.59
2015-09-19,WEAT,9.59
2015-09-20,WEAT,9.59
2015-09-21,WEAT,9.79
2015-09-22,WEAT,9.76
2015-09-23,WEAT,9.98
2015-09-24,WEAT,9.8
2015-09-25,WEAT,10.04
2015-09-26,WEAT,10.04
2015-09-27,WEAT,10.04
2015-09-28,WEAT,9.98
2015-09-29,WEAT,9.91
2015-09-30,WEAT,10.0799
2015-10-01,WEAT,10.135
2015-10-02,WEAT,10.0368
2015-10-03,WEAT,10.0368
2015-10-04,WEAT,10.0368
2015-10-05,WEAT,10.1001
2015-10-06,WEAT,10.3499
2015-10-07,WEAT,10.14
2015-10-08,WEAT,10.06
2015-10-09,WEAT,10.0424
2015-10-10,WEAT,10.0424
2015-10-11,WEAT,10.0424
2015-10-12,WEAT,10.03
2015-10-13,WEAT,10.219
2015-10-14,WEAT,10.018
2015-10-15,WEAT,9.9
2015-10-16,WEAT,9.75
2015-10-17,WEAT,9.75
2015-10-18,WEAT,9.75
2015-10-19,WEAT,9.59
2015-10-20,WEAT,9.6601
2015-10-21,WEAT,9.7462
2015-10-22,WEAT,9.67
2015-10-23,WEAT,9.659
2015-10-24,WEAT,9.659
2015-10-25,WEAT,9.659
2015-10-26,WEAT,9.9924
2015-10-27,WEAT,9.9101
2015-10-28,WEAT,9.927
2015-10-29,WEAT,10.05
2015-10-30,WEAT,10.13
2015-10-31,WEAT,10.13
2015-11-01,WEAT,10.13
2015-11-02,WEAT,9.88
2015-11-03,WEAT,10
2015-11-04,WEAT,10.187
2015-11-05,WEAT,10.1
2015-11-06,WEAT,10.11
2015-11-07,WEAT,10.11
2015-11-08,WEAT,10.11
2015-11-09,WEAT,9.76
2015-11-10,WEAT,9.63
2015-11-11,WEAT,9.63
2015-11-12,WEAT,9.6499
2015-11-13,WEAT,9.6001
2015-11-14,WEAT,9.6001
2015-11-15,WEAT,9.6001
2015-11-16,WEAT,9.56
2015-11-17,WEAT,9.41
2015-11-18,WEAT,9.4285
2015-11-19,WEAT,9.5139
2015-11-20,WEAT,9.4102
2015-11-21,WEAT,9.4102
2015-11-22,WEAT,9.4102
2015-11-23,WEAT,9.63
2015-11-24,WEAT,9.4699
2015-11-25,WEAT,9.4601
2015-11-26,WEAT,9.4601
2015-11-27,WEAT,9.3
2015-11-28,WEAT,9.3
2015-11-29,WEAT,9.3
2015-11-30,WEAT,9.32
2015-12-01,WEAT,9.22
2015-12-02,WEAT,9.14
2015-12-03,WEAT,9.3454
2015-12-04,WEAT,9.4001
2015-12-05,WEAT,9.4001
2015-12-06,WEAT,9.4001
2015-12-07,WEAT,9.396
2015-12-08,WEAT,9.37
2015-12-09,WEAT,9.48
2015-12-10,WEAT,9.59
2015-12-11,WEAT,9.4999
2015-12-12,WEAT,9.4999
2015-12-13,WEAT,9.4999
2015-12-14,WEAT,9.575
2015-12-15,WEAT,9.52
2015-12-16,WEAT,9.4299
2015-12-17,WEAT,9.405
2015-12-18,WEAT,9.45
2015-12-19,WEAT,9.45
2015-12-20,WEAT,9.45
2015-12-21,WEAT,9.3416
2015-12-22,WEAT,9.2299
2015-12-23,WEAT,9.15
2015-12-24,WEAT,9.1201
2015-12-25,WEAT,9.1201
2015-12-26,WEAT,9.1201
2015-12-27,WEAT,9.1201
2015-12-28,WEAT,9.09
2015-12-29,WEAT,9.27
2015-12-30,WEAT,9.1384
2015-12-31,WEAT,9.14
2016-01-01,WEAT,9.14
2016-01-02,WEAT,9.14
2016-01-03,WEAT,9.14
2016-01-04,WEAT,8.95
2016-01-05,WEAT,8.94
2016-01-06,WEAT,8.99
2016-01-07,WEAT,9.08
2016-01-08,WEAT,9.23
2016-01-09,WEAT,9.23
2016-01-10,WEAT,9.23
2016-01-11,WEAT,9.07
2016-01-12,WEAT,9.25
2016-01-13,WEAT,9.22
2016-01-14,WEAT,9.06
2016-01-15,WEAT,9.1204
2016-01-16,WEAT,9.1204
2016-01-17,WEAT,9.1204
2016-01-18,WEAT,9.1204
2016-01-19,WEAT,9.114
2016-01-20,WEAT,9.074
2016-01-21,WEAT,9.111
2016-01-22,WEAT,9.17
2016-01-23,WEAT,9.17
2016-01-24,WEAT,9.17
2016-01-25,WEAT,9.25
2016-01-26,WEAT,9.33
2016-01-27,WEAT,9.23
2016-01-28,WEAT,9.11
2016-01-29,WEAT,9.23
2016-01-30,WEAT,9.23
2016-01-31,WEAT,9.23
2016-02-01,WEAT,9.18
2016-02-02,WEAT,9.17
2016-02-03,WEAT,9.2
2016-02-04,WEAT,9.1
2016-02-05,WEAT,8.96
2016-02-06,WEAT,8.96
2016-02-07,WEAT,8.96
2016-02-08,WEAT,8.8384
2016-02-09,WEAT,8.785
2016-02-10,WEAT,8.85
2016-02-11,WEAT,8.85
2016-02-12,WEAT,8.85
2016-02-13,WEAT,8.85
2016-02-14,WEAT,8.85
2016-02-15,WEAT,8.85
2016-02-16,WEAT,8.9
2016-02-17,WEAT,9.01
2016-02-18,WEAT,8.9626
2016-02-19,WEAT,8.9399
2016-02-20,WEAT,8.9399
2016-02-21,WEAT,8.9399
2016-02-22,WEAT,8.8804
2016-02-23,WEAT,8.77
2016-02-24,WEAT,8.6899
2016-02-25,WEAT,8.67
2016-02-26,WEAT,8.66
2016-02-27,WEAT,8.66
2016-02-28,WEAT,8.66
2016-02-29,WEAT,8.67
2016-03-01,WEAT,8.5599
2016-03-02,WEAT,8.61
2016-03-03,WEAT,8.756
2016-03-04,WEAT,8.8057
2016-03-05,WEAT,8.8057
2016-03-06,WEAT,8.8057
2016-03-07,WEAT,8.82
2016-03-08,WEAT,8.88
2016-03-09,WEAT,8.9152
2016-03-10,WEAT,9.07
2016-03-11,WEAT,9.09
2016-03-12,WEAT,9.09
2016-03-13,WEAT,9.09
2016-03-14,WEAT,9.128
2016-03-15,WEAT,9.12
2016-03-16,WEAT,9.02
2016-03-17,WEAT,8.8426
2016-03-18,WEAT,8.869
2016-03-19,WEAT,8.869
2016-03-20,WEAT,8.869
2016-03-21,WEAT,8.9
2016-03-22,WEAT,8.9186
2016-03-23,WEAT,8.867
2016-03-24,WEAT,8.8599
2016-03-25,WEAT,8.8599
2016-03-26,WEAT,8.8599
2016-03-27,WEAT,8.8599
2016-03-28,WEAT,8.97
2016-03-29,WEAT,9.0714
2016-03-30,WEAT,8.8501
2016-03-31,WEAT,8.9989
2016-04-01,WEAT,9.03
2016-04-02,WEAT,9.03
2016-04-03,WEAT,9.03
2016-04-04,WEAT,9.0001
2016-04-05,WEAT,9.01
2016-04-06,WEAT,8.822
2016-04-07,WEAT,8.748
2016-04-08,WEAT,8.768
2016-04-09,WEAT,8.768
2016-04-10,WEAT,8.768
2016-04-11,WEAT,8.54
2016-04-12,WEAT,8.602
2016-04-13,WEAT,8.79
2016-04-14,WEAT,8.7465
2016-04-15,WEAT,8.7901
2016-04-16,WEAT,8.7901
2016-04-17,WEAT,8.7901
2016-04-18,WEAT,9.05
2016-04-19,WEAT,9.25
2016-04-20,WEAT,9.59
2016-04-21,WEAT,9.35
2016-04-22,WEAT,8.89
2016-04-23,WEAT,8.89
2016-04-24,WEAT,8.89
2016-04-25,WEAT,8.9799
2016-04-26,WEAT,9.13
2016-04-27,WEAT,9.09
2016-04-28,WEAT,9.12
2016-04-29,WEAT,9.19
2016-04-30,WEAT,9.19
2016-05-01,WEAT,9.19
2016-05-02,WEAT,9.158
2016-05-03,WEAT,8.8493
2016-05-04,WEAT,8.84
2016-05-05,WEAT,8.7
2016-05-06,WEAT,8.74
2016-05-07,WEAT,8.74
2016-05-08,WEAT,8.74
2016-05-09,WEAT,8.5911
2016-05-10,WEAT,8.69
2016-05-11,WEAT,8.64
2016-05-12,WEAT,8.75
2016-05-13,WEAT,8.8
2016-05-14,WEAT,8.8
2016-05-15,WEAT,8.8
2016-05-16,WEAT,8.79
2016-05-17,WEAT,8.91
2016-05-18,WEAT,8.8601
2016-05-19,WEAT,8.74
2016-05-20,WEAT,8.734
2016-05-21,WEAT,8.734
2016-05-22,WEAT,8.734
2016-05-23,WEAT,8.67
2016-05-24,WEAT,8.71
2016-05-25,WEAT,8.72
2016-05-26,WEAT,8.96
2016-05-27,WEAT,8.932
2016-05-28,WEAT,8.932
2016-05-29,WEAT,8.932
2016-05-30,WEAT,8.932
2016-05-31,WEAT,8.73
2016-06-01,WEAT,8.83
2016-06-02,WEAT,9.01
2016-06-03,WEAT,9.21
2016-06-04,WEAT,9.21
2016-06-05,WEAT,9.21
2016-06-06,WEAT,9.42
2016-06-07,WEAT,9.46
2016-06-08,WEAT,9.59
2016-06-09,WEAT,9.4663
2016-06-10,WEAT,9.2399
2016-06-11,WEAT,9.2399
2016-06-12,WEAT,9.2399
2016-06-13,WEAT,9.21
2016-06-14,WEAT,9.16
2016-06-15,WEAT,9.01
2016-06-16,WEAT,8.92
2016-06-17,WEAT,9.058
2016-06-18,WEAT,9.058
2016-06-19,WEAT,9.058
2016-06-20,WEAT,8.99
2016-06-21,WEAT,8.74
2016-06-22,WEAT,8.71
2016-06-23,WEAT,8.61
2016-06-24,WEAT,8.58
2016-06-25,WEAT,8.58
2016-06-26,WEAT,8.58
2016-06-27,WEAT,8.4302
2016-06-28,WEAT,8.4056
2016-06-29,WEAT,8.2499
2016-06-30,WEAT,8.25
2016-07-01,WEAT,7.98
2016-07-02,WEAT,7.98
2016-07-03,WEAT,7.98
2016-07-04,WEAT,7.98
2016-07-05,WEAT,8.03
2016-07-06,WEAT,7.95
2016-07-07,WEAT,7.91
2016-07-08,WEAT,8.11
2016-07-09,WEAT,8.11
2016-07-10,WEAT,8.11
2016-07-11,WEAT,7.99
2016-07-12,WEAT,8.12
2016-07-13,WEAT,8.18
2016-07-14,WEAT,8.15
2016-07-15,WEAT,8.06
2016-07-16,WEAT,8.06
2016-07-17,WEAT,8.06
2016-07-18,WEAT,8.08
2016-07-19,WEAT,7.93
2016-07-20,WEAT,7.81
2016-07-21,WEAT,7.88
2016-07-22,WEAT,8.02
2016-07-23,WEAT,8.02
2016-07-24,WEAT,8.02
2016-07-25,WEAT,8.11
2016-07-26,WEAT,7.935
2016-07-27,WEAT,7.8999
2016-07-28,WEAT,7.83
2016-07-29,WEAT,7.8
2016-07-30,WEAT,7.8
2016-07-31,WEAT,7.8
2016-08-01,WEAT,7.76
2016-08-02,WEAT,7.7
2016-08-03,WEAT,7.8201
2016-08-04,WEAT,7.76
2016-08-05,WEAT,7.85
2016-08-06,WEAT,7.85
2016-08-07,WEAT,7.85
2016-08-08,WEAT,7.84
2016-08-09,WEAT,7.8
2016-08-10,WEAT,7.85
2016-08-11,WEAT,7.81
2016-08-12,WEAT,7.85
2016-08-13,WEAT,7.85
2016-08-14,WEAT,7.85
2016-08-15,WEAT,7.76
2016-08-16,WEAT,7.8
2016-08-17,WEAT,7.81
2016-08-18,WEAT,7.87
2016-08-19,WEAT,7.87
2016-08-20,WEAT,7.87
2016-08-21,WEAT,7.87
2016-08-22,WEAT,7.79
2016-08-23,WEAT,7.67
2016-08-24,WEAT,7.6201
2016-08-25,WEAT,7.57
2016-08-26,WEAT,7.31
2016-08-27,WEAT,7.31
2016-08-28,WEAT,7.31
2016-08-29,WEAT,7.15
2016-08-30,WEAT,7.07
2016-08-31,WEAT,7.05
2016-09-01,WEAT,7.13
2016-09-02,WEAT,7.2
2016-09-03,WEAT,7.2
2016-09-04,WEAT,7.2
2016-09-05,WEAT,7.2
2016-09-06,WEAT,7.15
2016-09-07,WEAT,7.2
2016-09-08,WEAT,7.28
2016-09-09,WEAT,7.2301
2016-09-10,WEAT,7.2301
2016-09-11,WEAT,7.2301
2016-09-12,WEAT,7.3
2016-09-13,WEAT,7.165
2016-09-14,WEAT,7.23
2016-09-15,WEAT,7.2
2016-09-16,WEAT,7.2301
2016-09-17,WEAT,7.2301
2016-09-18,WEAT,7.2301
2016-09-19,WEAT,7.221
2016-09-20,WEAT,7.23
2016-09-21,WEAT,7.23
2016-09-22,WEAT,7.24
2016-09-23,WEAT,7.22
2016-09-24,WEAT,7.22
2016-09-25,WEAT,7.22
2016-09-26,WEAT,7.115
2016-09-27,WEAT,7.1967
2016-09-28,WEAT,7.2101
2016-09-29,WEAT,7.15
2016-09-30,WEAT,7.19
2016-10-01,WEAT,7.19
2016-10-02,WEAT,7.19
2016-10-03,WEAT,7.09
2016-10-04,WEAT,7.08
2016-10-05,WEAT,7.24
2016-10-06,WEAT,7.1
2016-10-07,WEAT,7.06
2016-10-08,WEAT,7.06
2016-10-09,WEAT,7.06
2016-10-10,WEAT,7.19
2016-10-11,WEAT,7.19
2016-10-12,WEAT,7.07
2016-10-13,WEAT,7.37
2016-10-14,WEAT,7.4199
2016-10-15,WEAT,7.4199
2016-10-16,WEAT,7.4199
2016-10-17,WEAT,7.47
2016-10-18,WEAT,7.44
2016-10-19,WEAT,7.47
2016-10-20,WEAT,7.4
2016-10-21,WEAT,7.3708
2016-10-22,WEAT,7.3708
2016-10-23,WEAT,7.3708
2016-10-24,WEAT,7.21
2016-10-25,WEAT,7.25
2016-10-26,WEAT,7.3339
2016-10-27,WEAT,7.38
2016-10-28,WEAT,7.3
2016-10-29,WEAT,7.3
2016-10-30,WEAT,7.3
2016-10-31,WEAT,7.34
2016-11-01,WEAT,7.33
2016-11-02,WEAT,7.36
2016-11-03,WEAT,7.33
2016-11-04,WEAT,7.3183
2016-11-05,WEAT,7.3183
2016-11-06,WEAT,7.3183
2016-11-07,WEAT,7.28
2016-11-08,WEAT,7.34
2016-11-09,WEAT,7.2401
2016-11-10,WEAT,7.17
2016-11-11,WEAT,7.1672
2016-11-12,WEAT,7.1672
2016-11-13,WEAT,7.1672
2016-11-14,WEAT,7.02
2016-11-15,WEAT,7.12
2016-11-16,WEAT,7.0401
2016-11-17,WEAT,7.15
2016-11-18,WEAT,7.18
2016-11-19,WEAT,7.18
2016-11-20,WEAT,7.18
2016-11-21,WEAT,7.22
2016-11-22,WEAT,7.25
2016-11-23,WEAT,7.17
2016-11-24,WEAT,7.17
2016-11-25,WEAT,7.13
2016-11-26,WEAT,7.13
2016-11-27,WEAT,7.13
2016-11-28,WEAT,7.07
2016-11-29,WEAT,6.93
2016-11-30,WEAT,6.85
2016-12-01,WEAT,6.73
2016-12-02,WEAT,6.86
2016-12-03,WEAT,6.86
2016-12-04,WEAT,6.86
2016-12-05,WEAT,6.89
2016-12-06,WEAT,6.87
2016-12-07,WEAT,6.78
2016-12-08,WEAT,6.88
2016-12-09,WEAT,6.95
2016-12-10,WEAT,6.95
2016-12-11,WEAT,6.95
2016-12-12,WEAT,6.9899
2016-12-13,WEAT,7
2016-12-14,WEAT,7.01
2016-12-15,WEAT,6.87
2016-12-16,WEAT,6.91
2016-12-17,WEAT,6.91
2016-12-18,WEAT,6.91
2016-12-19,WEAT,6.89
2016-12-20,WEAT,6.82
2016-12-21,WEAT,6.78
2016-12-22,WEAT,6.75
2016-12-23,WEAT,6.71
2016-12-24,WEAT,6.71
2016-12-25,WEAT,6.71
2016-12-26,WEAT,6.71
2016-12-27,WEAT,6.88
2016-12-28,WEAT,6.8
2016-12-29,WEAT,6.84
2016-12-30,WEAT,6.88
2016-12-31,WEAT,6.88
2017-01-01,WEAT,6.88
2017-01-02,WEAT,6.88
2017-01-03,WEAT,6.86
2017-01-04,WEAT,6.98
2017-01-05,WEAT,7.08
2017-01-06,WEAT,7.1
2017-01-07,WEAT,7.1
2017-01-08,WEAT,7.1
2017-01-09,WEAT,7.18
2017-01-10,WEAT,7.17
2017-01-11,WEAT,7.06
2017-01-12,WEAT,7.17
2017-01-13,WEAT,7.19
2017-01-14,WEAT,7.19
2017-01-15,WEAT,7.19
2017-01-16,WEAT,7.19
2017-01-17,WEAT,7.36
2017-01-18,WEAT,7.28
2017-01-19,WEAT,7.2
2017-01-20,WEAT,7.28
2017-01-21,WEAT,7.28
2017-01-22,WEAT,7.28
2017-01-23,WEAT,7.32
2017-01-24,WEAT,7.24
2017-01-25,WEAT,7.19
2017-01-26,WEAT,7.19
2017-01-27,WEAT,7.11
2017-01-28,WEAT,7.11
2017-01-29,WEAT,7.11
2017-01-30,WEAT,7.01
2017-01-31,WEAT,7.09
2017-02-01,WEAT,7.29
2017-02-02,WEAT,7.28
2017-02-03,WEAT,7.2
2017-02-04,WEAT,7.2
2017-02-05,WEAT,7.2
2017-02-06,WEAT,7.12
2017-02-07,WEAT,7.2
2017-02-08,WEAT,7.2
2017-02-09,WEAT,7.36
2017-02-10,WEAT,7.5
2017-02-11,WEAT,7.5
2017-02-12,WEAT,7.5
2017-02-13,WEAT,7.54
2017-02-14,WEAT,7.52
2017-02-15,WEAT,7.58
2017-02-16,WEAT,7.45
2017-02-17,WEAT,7.43
2017-02-18,WEAT,7.43
2017-02-19,WEAT,7.43
2017-02-20,WEAT,7.43
2017-02-21,WEAT,7.35
2017-02-22,WEAT,7.43
2017-02-23,WEAT,7.39
2017-02-24,WEAT,7.3
2017-02-25,WEAT,7.3
2017-02-26,WEAT,7.3
2017-02-27,WEAT,7.18
2017-02-28,WEAT,7.26
2017-03-01,WEAT,7.43
2017-03-02,WEAT,7.36
2017-03-03,WEAT,7.36
2017-03-04,WEAT,7.36
2017-03-05,WEAT,7.36
2017-03-06,WEAT,7.47
2017-03-07,WEAT,7.44
2017-03-08,WEAT,7.28
2017-03-09,WEAT,7.26
2017-03-10,WEAT,7.2
2017-03-11,WEAT,7.2
2017-03-12,WEAT,7.2
2017-03-13,WEAT,7.02
2017-03-14,WEAT,7.02
2017-03-15,WEAT,7.11
2017-03-16,WEAT,7.1
2017-03-17,WEAT,7.11
2017-03-18,WEAT,7.11
2017-03-19,WEAT,7.11
2017-03-20,WEAT,7.01
2017-03-21,WEAT,6.99
2017-03-22,WEAT,6.91
2017-03-23,WEAT,6.9
2017-03-24,WEAT,6.94
2017-03-25,WEAT,6.94
2017-03-26,WEAT,6.94
2017-03-27,WEAT,6.87
2017-03-28,WEAT,6.9
2017-03-29,WEAT,6.93
2017-03-30,WEAT,6.86
2017-03-31,WEAT,6.94
2017-04-01,WEAT,6.94
2017-04-02,WEAT,6.94
2017-04-03,WEAT,6.93
2017-04-04,WEAT,6.94
2017-04-05,WEAT,6.95
2017-04-06,WEAT,6.88
2017-04-07,WEAT,6.88
2017-04-08,WEAT,6.88
2017-04-09,WEAT,6.88
2017-04-10,WEAT,6.93
2017-04-11,WEAT,7.03
2017-04-12,WEAT,7.04
2017-04-13,WEAT,6.97
2017-04-14,WEAT,6.97
2017-04-15,WEAT,6.97
2017-04-16,WEAT,6.97
2017-04-17,WEAT,6.87
2017-04-18,WEAT,6.88
2017-04-19,WEAT,6.87
2017-04-20,WEAT,6.68
2017-04-21,WEAT,6.68
2017-04-22,WEAT,6.68
2017-04-23,WEAT,6.68
2017-04-24,WEAT,6.64
2017-04-25,WEAT,6.75
2017-04-26,WEAT,6.7
2017-04-27,WEAT,6.81
2017-04-28,WEAT,6.8
2017-04-29,WEAT,6.8
2017-04-30,WEAT,6.8
2017-05-01,WEAT,7.12
2017-05-02,WEAT,7.15
2017-05-03,WEAT,7.12
2017-05-04,WEAT,6.88
2017-05-05,WEAT,6.96
2017-05-06,WEAT,6.96
2017-05-07,WEAT,6.96
2017-05-08,WEAT,6.86
2017-05-09,WEAT,6.82
2017-05-10,WEAT,6.85
2017-05-11,WEAT,6.85
2017-05-12,WEAT,6.84
2017-05-13,WEAT,6.84
2017-05-14,WEAT,6.84
2017-05-15,WEAT,6.73
2017-05-16,WEAT,6.73
2017-05-17,WEAT,6.79
2017-05-18,WEAT,6.76
2017-05-19,WEAT,6.89
2017-05-20,WEAT,6.89
2017-05-21,WEAT,6.89
2017-05-22,WEAT,6.89
2017-05-23,WEAT,6.85
2017-05-24,WEAT,6.85
2017-05-25,WEAT,6.83
2017-05-26,WEAT,6.92
2017-05-27,WEAT,6.92
2017-05-28,WEAT,6.92
2017-05-29,WEAT,6.92
2017-05-30,WEAT,6.82
2017-05-31,WEAT,6.8
2017-06-01,WEAT,6.78
2017-06-02,WEAT,6.79
2017-06-03,WEAT,6.79
2017-06-04,WEAT,6.79
2017-06-05,WEAT,6.77
2017-06-06,WEAT,6.86
2017-06-07,WEAT,6.99
2017-06-08,WEAT,7.01
2017-06-09,WEAT,7
2017-06-10,WEAT,7
2017-06-11,WEAT,7
2017-06-12,WEAT,6.86
2017-06-13,WEAT,6.99
2017-06-14,WEAT,7
2017-06-15,WEAT,7.15
2017-06-16,WEAT,7.3
2017-06-17,WEAT,7.3
2017-06-18,WEAT,7.3
2017-06-19,WEAT,7.25
2017-06-20,WEAT,7.35
2017-06-21,WEAT,7.25
2017-06-22,WEAT,7.21
2017-06-23,WEAT,7.14
2017-06-24,WEAT,7.14
2017-06-25,WEAT,7.14
2017-06-26,WEAT,7.07
2017-06-27,WEAT,7.11
2017-06-28,WEAT,7.14
2017-06-29,WEAT,7.43
2017-06-30,WEAT,7.83
2017-07-01,WEAT,7.83
2017-07-02,WEAT,7.83
2017-07-03,WEAT,8.24
2017-07-04,WEAT,8.24
2017-07-05,WEAT,8.29
2017-07-06,WEAT,8.05
2017-07-07,WEAT,7.94
2017-07-08,WEAT,7.94
2017-07-09,WEAT,7.94
2017-07-10,WEAT,8.21
2017-07-11,WEAT,8.21
2017-07-12,WEAT,8.01
2017-07-13,WEAT,7.74
2017-07-14,WEAT,7.73
2017-07-15,WEAT,7.73
2017-07-16,WEAT,7.73
2017-07-17,WEAT,7.66
2017-07-18,WEAT,7.64
2017-07-19,WEAT,7.63
2017-07-20,WEAT,7.68
2017-07-21,WEAT,7.59
2017-07-22,WEAT,7.59
2017-07-23,WEAT,7.59
2017-07-24,WEAT,7.47
2017-07-25,WEAT,7.29
2017-07-26,WEAT,7.33
2017-07-27,WEAT,7.36
2017-07-28,WEAT,7.37
2017-07-29,WEAT,7.37
2017-07-30,WEAT,7.37
2017-07-31,WEAT,7.31
2017-08-01,WEAT,7.14
2017-08-02,WEAT,7.17
2017-08-03,WEAT,7.11
2017-08-04,WEAT,7.09
2017-08-05,WEAT,7.09
2017-08-06,WEAT,7.09
2017-08-07,WEAT,7.2
2017-08-08,WEAT,7.09
2017-08-09,WEAT,7.15
2017-08-10,WEAT,6.91
2017-08-11,WEAT,6.88
2017-08-12,WEAT,6.88
2017-08-13,WEAT,6.88
2017-08-14,WEAT,6.87
2017-08-15,WEAT,6.73
2017-08-16,WEAT,6.64
2017-08-17,WEAT,6.59
2017-08-18,WEAT,6.61
2017-08-19,WEAT,6.61
2017-08-20,WEAT,6.61
2017-08-21,WEAT,6.51
2017-08-22,WEAT,6.42
2017-08-23,WEAT,6.42
2017-08-24,WEAT,6.48
2017-08-25,WEAT,6.48
2017-08-26,WEAT,6.48
2017-08-27,WEAT,6.48
2017-08-28,WEAT,6.4
2017-08-29,WEAT,6.43
2017-08-30,WEAT,6.4
2017-08-31,WEAT,6.46
2017-09-01,WEAT,6.51
2017-09-02,WEAT,6.51
2017-09-03,WEAT,6.51
2017-09-04,WEAT,6.51
2017-09-05,WEAT,6.5886
2017-09-06,WEAT,6.6
2017-09-07,WEAT,6.47
2017-09-08,WEAT,6.49
2017-09-09,WEAT,6.49
2017-09-10,WEAT,6.49
2017-09-11,WEAT,6.43
2017-09-12,WEAT,6.54
2017-09-13,WEAT,6.54
2017-09-14,WEAT,6.51
2017-09-15,WEAT,6.5799
2017-09-16,WEAT,6.5799
2017-09-17,WEAT,6.5799
2017-09-18,WEAT,6.54
2017-09-19,WEAT,6.54
2017-09-20,WEAT,6.63
2017-09-21,WEAT,6.64
2017-09-22,WEAT,6.62
2017-09-23,WEAT,6.62
2017-09-24,WEAT,6.62
2017-09-25,WEAT,6.64
2017-09-26,WEAT,6.66
2017-09-27,WEAT,6.74
2017-09-28,WEAT,6.67
2017-09-29,WEAT,6.58
2017-09-30,WEAT,6.58
2017-10-01,WEAT,6.58
2017-10-02,WEAT,6.54
2017-10-03,WEAT,6.55
2017-10-04,WEAT,6.49
2017-10-05,WEAT,6.49
2017-10-06,WEAT,6.53
2017-10-07,WEAT,6.53
2017-10-08,WEAT,6.53
2017-10-09,WEAT,6.45
2017-10-10,WEAT,6.42
2017-10-11,WEAT,6.38
2017-10-12,WEAT,6.34
2017-10-13,WEAT,6.48
2017-10-14,WEAT,6.48
2017-10-15,WEAT,6.48
2017-10-16,WEAT,6.42
2017-10-17,WEAT,6.41
2017-10-18,WEAT,6.36
2017-10-19,WEAT,6.39
2017-10-20,WEAT,6.3
2017-10-21,WEAT,6.3
2017-10-22,WEAT,6.3
2017-10-23,WEAT,6.42
2017-10-24,WEAT,6.44
2017-10-25,WEAT,6.41
2017-10-26,WEAT,6.36
2017-10-27,WEAT,6.3
2017-10-28,WEAT,6.3
2017-10-29,WEAT,6.3
2017-10-30,WEAT,6.27
2017-10-31,WEAT,6.2
2017-11-01,WEAT,6.18
2017-11-02,WEAT,6.29
2017-11-03,WEAT,6.28
2017-11-04,WEAT,6.28
2017-11-05,WEAT,6.28
2017-11-06,WEAT,6.32
2017-11-07,WEAT,6.29
2017-11-08,WEAT,6.26
2017-11-09,WEAT,6.25
2017-11-10,WEAT,6.29
2017-11-11,WEAT,6.29
2017-11-12,WEAT,6.29
2017-11-13,WEAT,6.23
2017-11-14,WEAT,6.25
2017-11-15,WEAT,6.2
2017-11-16,WEAT,6.16
2017-11-17,WEAT,6.23
2017-11-18,WEAT,6.23
2017-11-19,WEAT,6.23
2017-11-20,WEAT,6.16
2017-11-21,WEAT,6.2
2017-11-22,WEAT,6.2
2017-11-23,WEAT,6.2
2017-11-24,WEAT,6.12
2017-11-25,WEAT,6.12
2017-11-26,WEAT,6.12
2017-11-27,WEAT,6.0508
2017-11-28,WEAT,6.03
2017-11-29,WEAT,6.1
2017-11-30,WEAT,6.0885
2017-12-01,WEAT,6.17
2017-12-02,WEAT,6.17
2017-12-03,WEAT,6.17
2017-12-04,WEAT,6.09
2017-12-05,WEAT,6.1
2017-12-06,WEAT,6.01
2017-12-07,WEAT,5.97
2017-12-08,WEAT,5.92
2017-12-09,WEAT,5.92
2017-12-10,WEAT,5.92
2017-12-11,WEAT,5.85
2017-12-12,WEAT,5.81
2017-12-13,WEAT,5.8699
2017-12-14,WEAT,5.899
2017-12-15,WEAT,5.8899
2017-12-16,WEAT,5.8899
2017-12-17,WEAT,5.8899
2017-12-18,WEAT,5.9
2017-12-19,WEAT,5.91
2017-12-20,WEAT,5.94
2017-12-21,WEAT,5.96
2017-12-22,WEAT,5.9399
2017-12-23,WEAT,5.9399
2017-12-24,WEAT,5.9399
2017-12-25,WEAT,5.9399
2017-12-26,WEAT,5.93
2017-12-27,WEAT,5.98
2017-12-28,WEAT,6
2017-12-29,WEAT,6
2017-12-30,WEAT,6
2017-12-31,WEAT,6
2018-01-01,WEAT,6
2018-01-02,WEAT,6.08
2018-01-03,WEAT,6.09
2018-01-04,WEAT,6.07
2018-01-05,WEAT,6.02
2018-01-06,WEAT,6.02
2018-01-07,WEAT,6.02
2018-01-08,WEAT,5.9999
2018-01-09,WEAT,6.06
2018-01-10,WEAT,6.11
2018-01-11,WEAT,6.08
2018-01-12,WEAT,5.9205
2018-01-13,WEAT,5.9205
2018-01-14,WEAT,5.9205
2018-01-15,WEAT,5.9205
2018-01-16,WEAT,5.88
2018-01-17,WEAT,5.9467
2018-01-18,WEAT,5.99
2018-01-19,WEAT,5.97
2018-01-20,WEAT,5.97
2018-01-21,WEAT,5.97
2018-01-22,WEAT,5.99
2018-01-23,WEAT,5.94
2018-01-24,WEAT,6.07
2018-01-25,WEAT,6.08
2018-01-26,WEAT,6.18
2018-01-27,WEAT,6.18
2018-01-28,WEAT,6.18
2018-01-29,WEAT,6.2788
2018-01-30,WEAT,6.42
2018-01-31,WEAT,6.32
2018-02-01,WEAT,6.31
2018-02-02,WEAT,6.25
2018-02-03,WEAT,6.25
2018-02-04,WEAT,6.25
2018-02-05,WEAT,6.19
2018-02-06,WEAT,6.27
2018-02-07,WEAT,6.44
2018-02-08,WEAT,6.37
2018-02-09,WEAT,6.27
2018-02-10,WEAT,6.27
2018-02-11,WEAT,6.27
2018-02-12,WEAT,6.465
2018-02-13,WEAT,6.45
2018-02-14,WEAT,6.39
2018-02-15,WEAT,6.47
2018-02-16,WEAT,6.43
2018-02-17,WEAT,6.43
2018-02-18,WEAT,6.43
2018-02-19,WEAT,6.43
2018-02-20,WEAT,6.32
2018-02-21,WEAT,6.27
2018-02-22,WEAT,6.34
2018-02-23,WEAT,6.33
2018-02-24,WEAT,6.33
2018-02-25,WEAT,6.33
2018-02-26,WEAT,6.47
2018-02-27,WEAT,6.51
2018-02-28,WEAT,6.67
2018-03-01,WEAT,6.98
2018-03-02,WEAT,6.78
2018-03-03,WEAT,6.78
2018-03-04,WEAT,6.78
2018-03-05,WEAT,6.89
2018-03-06,WEAT,6.86
2018-03-07,WEAT,6.78
2018-03-08,WEAT,6.8
2018-03-09,WEAT,6.67
2018-03-10,WEAT,6.67
2018-03-11,WEAT,6.67
2018-03-12,WEAT,6.68
2018-03-13,WEAT,6.64
2018-03-14,WEAT,6.6601
2018-03-15,WEAT,6.54
2018-03-16,WEAT,6.39
2018-03-17,WEAT,6.39
2018-03-18,WEAT,6.39
2018-03-19,WEAT,6.2
2018-03-20,WEAT,6.19
2018-03-21,WEAT,6.22
2018-03-22,WEAT,6.24
2018-03-23,WEAT,6.28
2018-03-24,WEAT,6.28
2018-03-25,WEAT,6.28
2018-03-26,WEAT,6.24
2018-03-27,WEAT,6.15
2018-03-28,WEAT,6.13
2018-03-29,WEAT,6.2
2018-03-30,WEAT,6.2
2018-03-31,WEAT,6.2
2018-04-01,WEAT,6.2
2018-04-02,WEAT,6.1475
2018-04-03,WEAT,6.2402
2018-04-04,WEAT,6.23
2018-04-05,WEAT,6.31
2018-04-06,WEAT,6.42
2018-04-07,WEAT,6.42
2018-04-08,WEAT,6.42
2018-04-09,WEAT,6.66
2018-04-10,WEAT,6.67
2018-04-11,WEAT,6.64
2018-04-12,WEAT,6.59
2018-04-13,WEAT,6.4899
2018-04-14,WEAT,6.4899
2018-04-15,WEAT,6.4899
2018-04-16,WEAT,6.35
2018-04-17,WEAT,6.35
2018-04-18,WEAT,6.46
2018-04-19,WEAT,6.48
2018-04-20,WEAT,6.32
2018-04-21,WEAT,6.32
2018-04-22,WEAT,6.32
2018-04-23,WEAT,6.28
2018-04-24,WEAT,6.38
2018-04-25,WEAT,6.55
2018-04-26,WEAT,6.45
2018-04-27,WEAT,6.58
2018-04-28,WEAT,6.58
2018-04-29,WEAT,6.58
2018-04-30,WEAT,6.72
2018-05-01,WEAT,6.9368
2018-05-02,WEAT,6.91
2018-05-03,WEAT,7.0363
2018-05-04,WEAT,6.88
2018-05-05,WEAT,6.88
2018-05-06,WEAT,6.88
2018-05-07,WEAT,6.73
2018-05-08,WEAT,6.8
2018-05-09,WEAT,6.73
2018-05-10,WEAT,6.69
2018-05-11,WEAT,6.58
2018-05-12,WEAT,6.58
2018-05-13,WEAT,6.58
2018-05-14,WEAT,6.51
2018-05-15,WEAT,6.53
2018-05-16,WEAT,6.53
2018-05-17,WEAT,6.56
2018-05-18,WEAT,6.8
2018-05-19,WEAT,6.8
2018-05-20,WEAT,6.8
2018-05-21,WEAT,6.72
2018-05-22,WEAT,6.84
2018-05-23,WEAT,6.9499
2018-05-24,WEAT,6.93
2018-05-25,WEAT,7.06
2018-05-26,WEAT,7.06
2018-05-27,WEAT,7.06
2018-05-28,WEAT,7.06
2018-05-29,WEAT,7
2018-05-30,WEAT,6.84
2018-05-31,WEAT,6.86
2018-06-01,WEAT,6.86
2018-06-02,WEAT,6.86
2018-06-03,WEAT,6.86
2018-06-04,WEAT,6.7
2018-06-05,WEAT,6.74
2018-06-06,WEAT,6.87
2018-06-07,WEAT,6.92
2018-06-08,WEAT,6.86
2018-06-09,WEAT,6.86
2018-06-10,WEAT,6.86
2018-06-11,WEAT,6.79
2018-06-12,WEAT,7.01
2018-06-13,WEAT,6.81
2018-06-14,WEAT,6.64
2018-06-15,WEAT,6.57
2018-06-16,WEAT,6.57
2018-06-17,WEAT,6.57
2018-06-18,WEAT,6.43
2018-06-19,WEAT,6.31
2018-06-20,WEAT,6.38
2018-06-21,WEAT,6.446
2018-06-22,WEAT,6.41
2018-06-23,WEAT,6.41
2018-06-24,WEAT,6.41
2018-06-25,WEAT,6.28
2018-06-26,WEAT,6.19
2018-06-27,WEAT,6.22
2018-06-28,WEAT,6.16
2018-06-29,WEAT,6.38
2018-06-30,WEAT,6.38
2018-07-01,WEAT,6.38
2018-07-02,WEAT,6.13
2018-07-03,WEAT,6.25
2018-07-04,WEAT,6.25
2018-07-05,WEAT,6.38
2018-07-06,WEAT,6.52
2018-07-07,WEAT,6.52
2018-07-08,WEAT,6.52
2018-07-09,WEAT,6.46
2018-07-10,WEAT,6.2701
2018-07-11,WEAT,6.07
2018-07-12,WEAT,6.17
2018-07-13,WEAT,6.28
2018-07-14,WEAT,6.28
2018-07-15,WEAT,6.28
2018-07-16,WEAT,6.19
2018-07-17,WEAT,6.27
2018-07-18,WEAT,6.27
2018-07-19,WEAT,6.3701
2018-07-20,WEAT,6.52
2018-07-21,WEAT,6.52
2018-07-22,WEAT,6.52
2018-07-23,WEAT,6.51
2018-07-24,WEAT,6.48
2018-07-25,WEAT,6.81
2018-07-26,WEAT,6.73
2018-07-27,WEAT,6.68
2018-07-28,WEAT,6.68
2018-07-29,WEAT,6.68
2018-07-30,WEAT,6.85
2018-07-31,WEAT,6.94
2018-08-01,WEAT,7
2018-08-02,WEAT,7.035
2018-08-03,WEAT,7.03
2018-08-04,WEAT,7.03
2018-08-05,WEAT,7.03
2018-08-06,WEAT,7.18
2018-08-07,WEAT,7.1
2018-08-08,WEAT,7.155
2018-08-09,WEAT,7.08
2018-08-10,WEAT,6.9199
2018-08-11,WEAT,6.9199
2018-08-12,WEAT,6.9199
2018-08-13,WEAT,6.76
2018-08-14,WEAT,6.83
2018-08-15,WEAT,6.7499
2018-08-16,WEAT,6.857
2018-08-17,WEAT,7.05
2018-08-18,WEAT,7.05
2018-08-19,WEAT,7.05
2018-08-20,WEAT,6.87
2018-08-21,WEAT,6.68
2018-08-22,WEAT,6.69
2018-08-23,WEAT,6.66
2018-08-24,WEAT,6.55
2018-08-25,WEAT,6.55
2018-08-26,WEAT,6.55
2018-08-27,WEAT,6.43
2018-08-28,WEAT,6.429
2018-08-29,WEAT,6.6
2018-08-30,WEAT,6.54
2018-08-31,WEAT,6.67
2018-09-01,WEAT,6.67
2018-09-02,WEAT,6.67
2018-09-03,WEAT,6.67
2018-09-04,WEAT,6.51
2018-09-05,WEAT,6.44
2018-09-06,WEAT,6.34
2018-09-07,WEAT,6.3
2018-09-08,WEAT,6.3
2018-09-09,WEAT,6.3
2018-09-10,WEAT,6.5
2018-09-11,WEAT,6.37
2018-09-12,WEAT,6.2601
2018-09-13,WEAT,6.18
2018-09-14,WEAT,6.32
2018-09-15,WEAT,6.32
2018-09-16,WEAT,6.32
2018-09-17,WEAT,6.25
2018-09-18,WEAT,6.2899
2018-09-19,WEAT,6.39
2018-09-20,WEAT,6.39
2018-09-21,WEAT,6.4
2018-09-22,WEAT,6.4
2018-09-23,WEAT,6.4
2018-09-24,WEAT,6.425
2018-09-25,WEAT,6.37
2018-09-26,WEAT,6.34
2018-09-27,WEAT,6.275
2018-09-28,WEAT,6.25
2018-09-29,WEAT,6.25
2018-09-30,WEAT,6.25
2018-10-01,WEAT,6.28
2018-10-02,WEAT,6.4
2018-10-03,WEAT,6.35
2018-10-04,WEAT,6.38
2018-10-05,WEAT,6.42
2018-10-06,WEAT,6.42
2018-10-07,WEAT,6.42
2018-10-08,WEAT,6.32
2018-10-09,WEAT,6.35
2018-10-10,WEAT,6.29
2018-10-11,WEAT,6.26
2018-10-12,WEAT,6.38
2018-10-13,WEAT,6.38
2018-10-14,WEAT,6.38
2018-10-15,WEAT,6.43
2018-10-16,WEAT,6.43
2018-10-17,WEAT,6.37
2018-10-18,WEAT,6.32
2018-10-19,WEAT,6.3101
2018-10-20,WEAT,6.3101
2018-10-21,WEAT,6.3101
2018-10-22,WEAT,6.26
2018-10-23,WEAT,6.27
2018-10-24,WEAT,6.1801
2018-10-25,WEAT,6.03
2018-10-26,WEAT,6.22
2018-10-27,WEAT,6.22
2018-10-28,WEAT,6.22
2018-10-29,WEAT,6.2275
2018-10-30,WEAT,6.13
2018-10-31,WEAT,6.14
2018-11-01,WEAT,6.2
2018-11-02,WEAT,6.2
2018-11-03,WEAT,6.2
2018-11-04,WEAT,6.2
2018-11-05,WEAT,6.18
2018-11-06,WEAT,6.22
2018-11-07,WEAT,6.19
2018-11-08,WEAT,6.15
2018-11-09,WEAT,6.05
2018-11-10,WEAT,6.05
2018-11-11,WEAT,6.05
2018-11-12,WEAT,6.195
2018-11-13,WEAT,6.11
2018-11-14,WEAT,6.08
2018-11-15,WEAT,6.08
2018-11-16,WEAT,6.08
2018-11-17,WEAT,6.08
2018-11-18,WEAT,6.08
2018-11-19,WEAT,6
2018-11-20,WEAT,6.02
2018-11-21,WEAT,5.9601
2018-11-22,WEAT,5.9601
2018-11-23,WEAT,5.97
2018-11-24,WEAT,5.97
2018-11-25,WEAT,5.97
2018-11-26,WEAT,6.04
2018-11-27,WEAT,5.95
2018-11-28,WEAT,6.01
2018-11-29,WEAT,5.97
2018-11-30,WEAT,6.07
2018-12-01,WEAT,6.07
2018-12-02,WEAT,6.07
2018-12-03,WEAT,6.11
2018-12-04,WEAT,6.11
2018-12-05,WEAT,6.11
2018-12-06,WEAT,6.03
2018-12-07,WEAT,6.22
2018-12-08,WEAT,6.22
2018-12-09,WEAT,6.22
2018-12-10,WEAT,6.16
2018-12-11,WEAT,6.14
2018-12-12,WEAT,6.17
2018-12-13,WEAT,6.26
2018-12-14,WEAT,6.21
2018-12-15,WEAT,6.21
2018-12-16,WEAT,6.21
2018-12-17,WEAT,6.26
2018-12-18,WEAT,6.22
2018-12-19,WEAT,6.13
2018-12-20,WEAT,6.13
2018-12-21,WEAT,6.03
2018-12-22,WEAT,6.03
2018-12-23,WEAT,6.03
2018-12-24,WEAT,6.08
2018-12-25,WEAT,6.08
2018-12-26,WEAT,6.02
2018-12-27,WEAT,6.0278
2018-12-28,WEAT,6.03
2018-12-29,WEAT,6.03
2018-12-30,WEAT,6.03
2018-12-31,WEAT,5.93
2019-01-01,WEAT,5.93
2019-01-02,WEAT,5.98
2019-01-03,WEAT,6.03
2019-01-04,WEAT,6.06
2019-01-05,WEAT,6.06
2019-01-06,WEAT,6.06
2019-01-07,WEAT,6.06
2019-01-08,WEAT,6.09
2019-01-09,WEAT,6.09
2019-01-10,WEAT,6.02
2019-01-11,WEAT,6.08
2019-01-12,WEAT,6.08
2019-01-13,WEAT,6.08
2019-01-14,WEAT,6.04
2019-01-15,WEAT,6
2019-01-16,WEAT,6.01
2019-01-17,WEAT,6.06
2019-01-18,WEAT,6.03
2019-01-19,WEAT,6.03
2019-01-20,WEAT,6.03
2019-01-21,WEAT,6.03
2019-01-22,WEAT,6.12
2019-01-23,WEAT,6.15
2019-01-24,WEAT,6.11
2019-01-25,WEAT,6.1
2019-01-26,WEAT,6.1
2019-01-27,WEAT,6.1
2019-01-28,WEAT,6.1
2019-01-29,WEAT,6.02
2019-01-30,WEAT,6.06
2019-01-31,WEAT,6.0505
2019-02-01,WEAT,6.09
2019-02-02,WEAT,6.09
2019-02-03,WEAT,6.09
2019-02-04,WEAT,6.1005
2019-02-05,WEAT,6.1
2019-02-06,WEAT,6.0819
2019-02-07,WEAT,5.98
2019-02-08,WEAT,5.99
2019-02-09,WEAT,5.99
2019-02-10,WEAT,5.99
2019-02-11,WEAT,6
2019-02-12,WEAT,6
2019-02-13,WEAT,6.03
2019-02-14,WEAT,5.91
2019-02-15,WEAT,5.85
2019-02-16,WEAT,5.85
2019-02-17,WEAT,5.85
2019-02-18,WEAT,5.85
2019-02-19,WEAT,5.71
2019-02-20,WEAT,5.62
2019-02-21,WEAT,5.69
2019-02-22,WEAT,5.68
2019-02-23,WEAT,5.68
2019-02-24,WEAT,5.68
2019-02-25,WEAT,5.4861
2019-02-26,WEAT,5.46
2019-02-27,WEAT,5.45
2019-02-28,WEAT,5.37
2019-03-01,WEAT,5.34
2019-03-02,WEAT,5.34
2019-03-03,WEAT,5.34
2019-03-04,WEAT,5.31
2019-03-05,WEAT,5.4
2019-03-06,WEAT,5.25
2019-03-07,WEAT,5.12
2019-03-08,WEAT,5.13
2019-03-09,WEAT,5.13
2019-03-10,WEAT,5.13
2019-03-11,WEAT,5.03
2019-03-12,WEAT,5.29
2019-03-13,WEAT,5.23
2019-03-14,WEAT,5.28
2019-03-15,WEAT,5.35
2019-03-16,WEAT,5.35
2019-03-17,WEAT,5.35
2019-03-18,WEAT,5.33
2019-03-19,WEAT,5.32
2019-03-20,WEAT,5.3799
2019-03-21,WEAT,5.39
2019-03-22,WEAT,5.39
2019-03-23,WEAT,5.39
2019-03-24,WEAT,5.39
2019-03-25,WEAT,5.44
2019-03-26,WEAT,5.42
2019-03-27,WEAT,5.4321
2019-03-28,WEAT,5.37
2019-03-29,WEAT,5.29
2019-03-30,WEAT,5.29
2019-03-31,WEAT,5.29
2019-04-01,WEAT,5.34
2019-04-02,WEAT,5.34
2019-04-03,WEAT,5.41
2019-04-04,WEAT,5.42
2019-04-05,WEAT,5.37
2019-04-06,WEAT,5.37
2019-04-07,WEAT,5.37
2019-04-08,WEAT,5.37
2019-04-09,WEAT,5.32
2019-04-10,WEAT,5.3
2019-04-11,WEAT,5.34
2019-04-12,WEAT,5.34
2019-04-13,WEAT,5.34
2019-04-14,WEAT,5.34
2019-04-15,WEAT,5.31
2019-04-16,WEAT,5.16
2019-04-17,WEAT,5.16
2019-04-18,WEAT,5.12
2019-04-19,WEAT,5.12
2019-04-20,WEAT,5.12
2019-04-21,WEAT,5.12
2019-04-22,WEAT,5.06
2019-04-23,WEAT,5.08
2019-04-24,WEAT,5.02
2019-04-25,WEAT,5.04
2019-04-26,WEAT,5.08
2019-04-27,WEAT,5.08
2019-04-28,WEAT,5.08
2019-04-29,WEAT,4.99
2019-04-30,WEAT,4.94
2019-05-01,WEAT,5.01
2019-05-02,WEAT,5.1
2019-05-03,WEAT,5.01
2019-05-04,WEAT,5.01
2019-05-05,WEAT,5.01
2019-05-06,WEAT,5.01
2019-05-07,WEAT,5.04
2019-05-08,WEAT,5.02
2019-05-09,WEAT,4.935
2019-05-10,WEAT,4.88
2019-05-11,WEAT,4.88
2019-05-12,WEAT,4.88
2019-05-13,WEAT,4.98
2019-05-14,WEAT,5.13
2019-05-15,WEAT,5.1
2019-05-16,WEAT,5.28
2019-05-17,WEAT,5.23
2019-05-18,WEAT,5.23
2019-05-19,WEAT,5.23
2019-05-20,WEAT,5.39
2019-05-21,WEAT,5.32
2019-05-22,WEAT,5.3
2019-05-23,WEAT,5.29
2019-05-24,WEAT,5.49
2019-05-25,WEAT,5.49
2019-05-26,WEAT,5.49
2019-05-27,WEAT,5.49
2019-05-28,WEAT,5.62
2019-05-29,WEAT,5.49
2019-05-30,WEAT,5.74
2019-05-31,WEAT,5.635
2019-06-01,WEAT,5.635
2019-06-02,WEAT,5.635
2019-06-03,WEAT,5.78
2019-06-04,WEAT,5.67
2019-06-05,WEAT,5.53
2019-06-06,WEAT,5.69
2019-06-07,WEAT,5.62
2019-06-08,WEAT,5.62
2019-06-09,WEAT,5.62
2019-06-10,WEAT,5.63
2019-06-11,WEAT,5.72
2019-06-12,WEAT,5.82
2019-06-13,WEAT,5.88
2019-06-14,WEAT,5.91
2019-06-15,WEAT,5.91
2019-06-16,WEAT,5.91
2019-06-17,WEAT,5.93
2019-06-18,WEAT,5.84
2019-06-19,WEAT,5.74
2019-06-20,WEAT,5.79
2019-06-21,WEAT,5.79
2019-06-22,WEAT,5.79
2019-06-23,WEAT,5.79
2019-06-24,WEAT,5.91
2019-06-25,WEAT,5.88
2019-06-26,WEAT,5.94
2019-06-27,WEAT,5.92
2019-06-28,WEAT,5.73
2019-06-29,WEAT,5.73
2019-06-30,WEAT,5.73
2019-07-01,WEAT,5.65
2019-07-02,WEAT,5.56
2019-07-03,WEAT,5.67
2019-07-04,WEAT,5.67
2019-07-05,WEAT,5.655
2019-07-06,WEAT,5.655
2019-07-07,WEAT,5.655
2019-07-08,WEAT,5.62
2019-07-09,WEAT,5.54
2019-07-10,WEAT,5.56
2019-07-11,WEAT,5.72
2019-07-12,WEAT,5.74
2019-07-13,WEAT,5.74
2019-07-14,WEAT,5.74
2019-07-15,WEAT,5.6148
2019-07-16,WEAT,5.58
2019-07-17,WEAT,5.54
2019-07-18,WEAT,5.43
2019-07-19,WEAT,5.53
2019-07-20,WEAT,5.53
2019-07-21,WEAT,5.53
2019-07-22,WEAT,5.38
2019-07-23,WEAT,5.375
2019-07-24,WEAT,5.44
2019-07-25,WEAT,5.465
2019-07-26,WEAT,5.42
2019-07-27,WEAT,5.42
2019-07-28,WEAT,5.42
2019-07-29,WEAT,5.46
2019-07-30,WEAT,5.41
2019-07-31,WEAT,5.31
2019-08-01,WEAT,5.23
2019-08-02,WEAT,5.295
2019-08-03,WEAT,5.295
2019-08-04,WEAT,5.295
2019-08-05,WEAT,5.325
2019-08-06,WEAT,5.24
2019-08-07,WEAT,5.305
2019-08-08,WEAT,5.37
2019-08-09,WEAT,5.39
2019-08-10,WEAT,5.39
2019-08-11,WEAT,5.39
2019-08-12,WEAT,5.13
2019-08-13,WEAT,5.13
2019-08-14,WEAT,5.16
2019-08-15,WEAT,5.11
2019-08-16,WEAT,5.11
2019-08-17,WEAT,5.11
2019-08-18,WEAT,5.11
2019-08-19,WEAT,5.085
2019-08-20,WEAT,5.03
2019-08-21,WEAT,5.03
2019-08-22,WEAT,5.05
2019-08-23,WEAT,5.12
2019-08-24,WEAT,5.12
2019-08-25,WEAT,5.12
2019-08-26,WEAT,5.095
2019-08-27,WEAT,5.09
2019-08-28,WEAT,5.08
2019-08-29,WEAT,5.05
2019-08-30,WEAT,4.96
2019-08-31,WEAT,4.96
2019-09-01,WEAT,4.96
2019-09-02,WEAT,4.96
2019-09-03,WEAT,4.9
2019-09-04,WEAT,4.96
2019-09-05,WEAT,5.02
2019-09-06,WEAT,4.98
2019-09-07,WEAT,4.98
2019-09-08,WEAT,4.98
2019-09-09,WEAT,5.07
2019-09-10,WEAT,5.17
2019-09-11,WEAT,5.12
2019-09-12,WEAT,5.18
2019-09-13,WEAT,5.18
2019-09-14,WEAT,5.18
2019-09-15,WEAT,5.18
2019-09-16,WEAT,5.22
2019-09-17,WEAT,5.2
2019-09-18,WEAT,5.24
2019-09-19,WEAT,5.21
2019-09-20,WEAT,5.2
2019-09-21,WEAT,5.2
2019-09-22,WEAT,5.2
2019-09-23,WEAT,5.17
2019-09-24,WEAT,5.17
2019-09-25,WEAT,5.1221
2019-09-26,WEAT,5.205
2019-09-27,WEAT,5.215
2019-09-28,WEAT,5.215
2019-09-29,WEAT,5.215
2019-09-30,WEAT,5.3
2019-10-01,WEAT,5.32
2019-10-02,WEAT,5.24
2019-10-03,WEAT,5.25
2019-10-04,WEAT,5.27
2019-10-05,WEAT,5.27
2019-10-06,WEAT,5.27
2019-10-07,WEAT,5.27
2019-10-08,WEAT,5.36
2019-10-09,WEAT,5.38
2019-10-10,WEAT,5.27
2019-10-11,WEAT,5.43
2019-10-12,WEAT,5.43
2019-10-13,WEAT,5.43
2019-10-14,WEAT,5.46
2019-10-15,WEAT,5.415
2019-10-16,WEAT,5.45
2019-10-17,WEAT,5.56
2019-10-18,WEAT,5.63
2019-10-19,WEAT,5.63
2019-10-20,WEAT,5.63
2019-10-21,WEAT,5.58
2019-10-22,WEAT,5.52
2019-10-23,WEAT,5.54
2019-10-24,WEAT,5.51
2019-10-25,WEAT,5.52
2019-10-26,WEAT,5.52
2019-10-27,WEAT,5.52
2019-10-28,WEAT,5.48
2019-10-29,WEAT,5.46
2019-10-30,WEAT,5.44
2019-10-31,WEAT,5.43
2019-11-01,WEAT,5.49
2019-11-02,WEAT,5.49
2019-11-03,WEAT,5.49
2019-11-04,WEAT,5.45
2019-11-05,WEAT,5.5
2019-11-06,WEAT,5.51
2019-11-07,WEAT,5.46
2019-11-08,WEAT,5.42
2019-11-09,WEAT,5.42
2019-11-10,WEAT,5.42
2019-11-11,WEAT,5.4
2019-11-12,WEAT,5.52
2019-11-13,WEAT,5.42
2019-11-14,WEAT,5.39
2019-11-15,WEAT,5.34
2019-11-16,WEAT,5.34
2019-11-17,WEAT,5.34
2019-11-18,WEAT,5.37
2019-11-19,WEAT,5.42
2019-11-20,WEAT,5.45
2019-11-21,WEAT,5.385
2019-11-22,WEAT,5.455
2019-11-23,WEAT,5.455
2019-11-24,WEAT,5.455
2019-11-25,WEAT,5.58
2019-11-26,WEAT,5.56
2019-11-27,WEAT,5.53
2019-11-28,WEAT,5.53
2019-11-29,WEAT,5.668
2019-11-30,WEAT,5.668
2019-12-01,WEAT,5.668
2019-12-02,WEAT,5.63
2019-12-03,WEAT,5.525
2019-12-04,WEAT,5.54
2019-12-05,WEAT,5.5
2019-12-06,WEAT,5.51
2019-12-07,WEAT,5.51
2019-12-08,WEAT,5.51
2019-12-09,WEAT,5.49
2019-12-10,WEAT,5.505
2019-12-11,WEAT,5.45
2019-12-12,WEAT,5.55
2019-12-13,WEAT,5.5849
2019-12-14,WEAT,5.5849
2019-12-15,WEAT,5.5849
2019-12-16,WEAT,5.73
2019-12-17,WEAT,5.78
2019-12-18,WEAT,5.7316
2019-12-19,WEAT,5.71
2019-12-20,WEAT,5.7
2019-12-21,WEAT,5.7
2019-12-22,WEAT,5.7
2019-12-23,WEAT,5.67
2019-12-24,WEAT,5.68
2019-12-25,WEAT,5.68
2019-12-26,WEAT,5.76
2019-12-27,WEAT,5.82
2019-12-28,WEAT,5.82
2019-12-29,WEAT,5.82
2019-12-30,WEAT,5.8
2019-12-31,WEAT,5.85
2020-01-01,WEAT,5.85
2020-01-02,WEAT,5.86
2020-01-03,WEAT,5.81
2020-01-04,WEAT,5.81
2020-01-05,WEAT,5.81
2020-01-06,WEAT,5.79
2020-01-07,WEAT,5.78
2020-01-08,WEAT,5.8
2020-01-09,WEAT,5.89
2020-01-10,WEAT,5.89
2020-01-11,WEAT,5.89
2020-01-12,WEAT,5.89
2020-01-13,WEAT,5.86
2020-01-14,WEAT,5.91
2020-01-15,WEAT,5.94
2020-01-16,WEAT,5.86
2020-01-17,WEAT,5.91
2020-01-18,WEAT,5.91
2020-01-19,WEAT,5.91
2020-01-20,WEAT,5.91
2020-01-21,WEAT,6.01
2020-01-22,WEAT,5.96
2020-01-23,WEAT,5.98
2020-01-24,WEAT,5.91
2020-01-25,WEAT,5.91
2020-01-26,WEAT,5.91
2020-01-27,WEAT,5.91
2020-01-28,WEAT,5.86
2020-01-29,WEAT,5.79
2020-01-30,WEAT,5.77
2020-01-31,WEAT,5.72
2020-02-01,WEAT,5.72
2020-02-02,WEAT,5.72
2020-02-03,WEAT,5.71
2020-02-04,WEAT,5.74
2020-02-05,WEAT,5.76
2020-02-06,WEAT,5.72
2020-02-07,WEAT,5.76
2020-02-08,WEAT,5.76
2020-02-09,WEAT,5.76
2020-02-10,WEAT,5.7
2020-02-11,WEAT,5.62
2020-02-12,WEAT,5.68
2020-02-13,WEAT,5.64
2020-02-14,WEAT,5.62
2020-02-15,WEAT,5.62
2020-02-16,WEAT,5.62
2020-02-17,WEAT,5.62
2020-02-18,WEAT,5.84
2020-02-19,WEAT,5.82
2020-02-20,WEAT,5.79
2020-02-21,WEAT,5.74
2020-02-22,WEAT,5.74
2020-02-23,WEAT,5.74
2020-02-24,WEAT,5.57
2020-02-25,WEAT,5.57
2020-02-26,WEAT,5.54
2020-02-27,WEAT,5.45
2020-02-28,WEAT,5.43
2020-02-29,WEAT,5.43
2020-03-01,WEAT,5.43
